host,_time,CPU_95th_Perc
0ot491ub6o.example.com,1900-01-01 00:00:00,0.75175
0ot491ub6o.example.com,1900-01-01 01:00:00,0.7171052631578947
0ot491ub6o.example.com,1900-01-01 02:00:00,0.8361111111111111
0ot491ub6o.example.com,1900-01-01 03:00:00,0.6978787878787879
0ot491ub6o.example.com,1900-01-01 04:00:00,0.6479411764705882
0ot491ub6o.example.com,1900-01-01 05:00:00,0.7484848484848484
0ot491ub6o.example.com,1900-01-01 06:00:00,0.714516129032258
0ot491ub6o.example.com,1900-01-01 07:00:00,0.7693939393939394
0ot491ub6o.example.com,1900-01-01 08:00:00,0.6324242424242424
0ot491ub6o.example.com,1900-01-01 09:00:00,0.775625
0ot491ub6o.example.com,1900-01-01 10:00:00,0.7152083333333333
0ot491ub6o.example.com,1900-01-01 11:00:00,0.7537662337662338
0ot491ub6o.example.com,1900-01-01 12:00:00,0.7265853658536585
0ot491ub6o.example.com,1900-01-01 13:00:00,0.7044318181818182
0ot491ub6o.example.com,1900-01-01 14:00:00,0.7401136363636364
0ot491ub6o.example.com,1900-01-01 15:00:00,0.7169565217391304
0ot491ub6o.example.com,1900-01-01 16:00:00,0.6863235294117648
0ot491ub6o.example.com,1900-01-01 17:00:00,0.8010447761194031
0ot491ub6o.example.com,1900-01-01 18:00:00,0.6807575757575758
0ot491ub6o.example.com,1900-01-01 19:00:00,0.7175757575757575
0ot491ub6o.example.com,1900-01-01 20:00:00,0.7101515151515151
0ot491ub6o.example.com,1900-01-01 21:00:00,0.6934375
0ot491ub6o.example.com,1900-01-01 22:00:00,0.68140625
0ot491ub6o.example.com,1900-01-01 23:00:00,0.688695652173913
153lt8728s.example.com,1900-01-01 00:00:00,50.32692307692308
153lt8728s.example.com,1900-01-01 01:00:00,38.51921052631579
153lt8728s.example.com,1900-01-01 02:00:00,33.69
153lt8728s.example.com,1900-01-01 03:00:00,36.36029411764706
153lt8728s.example.com,1900-01-01 04:00:00,34.75606060606061
153lt8728s.example.com,1900-01-01 05:00:00,34.89454545454545
153lt8728s.example.com,1900-01-01 06:00:00,34.0271875
153lt8728s.example.com,1900-01-01 07:00:00,35.8625
153lt8728s.example.com,1900-01-01 08:00:00,38.834242424242426
153lt8728s.example.com,1900-01-01 09:00:00,46.196969696969695
153lt8728s.example.com,1900-01-01 10:00:00,44.73934782608696
153lt8728s.example.com,1900-01-01 11:00:00,44.167625
153lt8728s.example.com,1900-01-01 12:00:00,43.16487804878049
153lt8728s.example.com,1900-01-01 13:00:00,44.60337209302325
153lt8728s.example.com,1900-01-01 14:00:00,42.46313953488372
153lt8728s.example.com,1900-01-01 15:00:00,38.46
153lt8728s.example.com,1900-01-01 16:00:00,43.62984848484849
153lt8728s.example.com,1900-01-01 17:00:00,49.38469696969697
153lt8728s.example.com,1900-01-01 18:00:00,59.857121212121214
153lt8728s.example.com,1900-01-01 19:00:00,59.15723076923077
153lt8728s.example.com,1900-01-01 20:00:00,60.657575757575756
153lt8728s.example.com,1900-01-01 21:00:00,58.56878787878788
153lt8728s.example.com,1900-01-01 22:00:00,52.05483870967742
153lt8728s.example.com,1900-01-01 23:00:00,53.56148936170212
180ot7qkoc.example.com,1900-01-01 00:00:00,0.28692307692307695
180ot7qkoc.example.com,1900-01-01 01:00:00,6.8757142857142854
180ot7qkoc.example.com,1900-01-01 02:00:00,0.755
180ot7qkoc.example.com,1900-01-01 03:00:00,0.3666666666666667
180ot7qkoc.example.com,1900-01-01 04:00:00,0.79
180ot7qkoc.example.com,1900-01-01 05:00:00,0.5166666666666667
180ot7qkoc.example.com,1900-01-01 06:00:00,0.02
180ot7qkoc.example.com,1900-01-01 07:00:00,0.14500000000000002
180ot7qkoc.example.com,1900-01-01 08:00:00,0.02
180ot7qkoc.example.com,1900-01-01 09:00:00,0.312
180ot7qkoc.example.com,1900-01-01 10:00:00,0.44
180ot7qkoc.example.com,1900-01-01 11:00:00,0.2963636363636364
180ot7qkoc.example.com,1900-01-01 12:00:00,0.3658333333333334
180ot7qkoc.example.com,1900-01-01 13:00:00,0.837
180ot7qkoc.example.com,1900-01-01 14:00:00,0.37999999999999995
180ot7qkoc.example.com,1900-01-01 15:00:00,0.3836363636363636
180ot7qkoc.example.com,1900-01-01 16:00:00,4.522307692307693
180ot7qkoc.example.com,1900-01-01 17:00:00,0.2153846153846154
180ot7qkoc.example.com,1900-01-01 18:00:00,0.462
180ot7qkoc.example.com,1900-01-01 19:00:00,0.565
180ot7qkoc.example.com,1900-01-01 20:00:00,0.6833333333333333
180ot7qkoc.example.com,1900-01-01 21:00:00,0.3323076923076923
180ot7qkoc.example.com,1900-01-01 22:00:00,0.6575
180ot7qkoc.example.com,1900-01-01 23:00:00,0.45375
1e37wa805w.example.com,1900-01-01 00:00:00,0.30916666666666665
1e37wa805w.example.com,1900-01-01 01:00:00,2.8249999999999997
1e37wa805w.example.com,1900-01-01 02:00:00,0.4205
1e37wa805w.example.com,1900-01-01 03:00:00,0.6275000000000001
1e37wa805w.example.com,1900-01-01 04:00:00,0.8547368421052631
1e37wa805w.example.com,1900-01-01 05:00:00,0.83375
1e37wa805w.example.com,1900-01-01 06:00:00,0.4645
1e37wa805w.example.com,1900-01-01 07:00:00,2.423157894736842
1e37wa805w.example.com,1900-01-01 08:00:00,0.44166666666666665
1e37wa805w.example.com,1900-01-01 09:00:00,0.7575000000000001
1e37wa805w.example.com,1900-01-01 10:00:00,0.4538095238095238
1e37wa805w.example.com,1900-01-01 11:00:00,0.4840740740740741
1e37wa805w.example.com,1900-01-01 12:00:00,2.1635483870967738
1e37wa805w.example.com,1900-01-01 13:00:00,1.3877777777777778
1e37wa805w.example.com,1900-01-01 14:00:00,0.7562857142857142
1e37wa805w.example.com,1900-01-01 15:00:00,3.50625
1e37wa805w.example.com,1900-01-01 16:00:00,0.45999999999999996
1e37wa805w.example.com,1900-01-01 17:00:00,3.7249999999999996
1e37wa805w.example.com,1900-01-01 18:00:00,0.3885714285714286
1e37wa805w.example.com,1900-01-01 19:00:00,0.33866666666666667
1e37wa805w.example.com,1900-01-01 20:00:00,2.1172222222222223
1e37wa805w.example.com,1900-01-01 21:00:00,3.68375
1e37wa805w.example.com,1900-01-01 22:00:00,0.43416666666666665
1e37wa805w.example.com,1900-01-01 23:00:00,0.659
1kzpunn1iw.example.com,1900-01-01 00:00:00,6.49
1kzpunn1iw.example.com,1900-01-01 01:00:00,6.621764705882352
1kzpunn1iw.example.com,1900-01-01 02:00:00,6.331538461538462
1kzpunn1iw.example.com,1900-01-01 03:00:00,6.586666666666667
1kzpunn1iw.example.com,1900-01-01 04:00:00,6.5575
1kzpunn1iw.example.com,1900-01-01 05:00:00,6.6575
1kzpunn1iw.example.com,1900-01-01 06:00:00,6.473000000000001
1kzpunn1iw.example.com,1900-01-01 07:00:00,6.539999999999999
1kzpunn1iw.example.com,1900-01-01 08:00:00,6.358461538461539
1kzpunn1iw.example.com,1900-01-01 09:00:00,6.753333333333333
1kzpunn1iw.example.com,1900-01-01 10:00:00,6.442631578947368
1kzpunn1iw.example.com,1900-01-01 11:00:00,6.2303030303030305
1kzpunn1iw.example.com,1900-01-01 12:00:00,6.154285714285715
1kzpunn1iw.example.com,1900-01-01 13:00:00,3.3981081081081084
1kzpunn1iw.example.com,1900-01-01 14:00:00,0.8879411764705881
1kzpunn1iw.example.com,1900-01-01 15:00:00,4.360263157894737
1kzpunn1iw.example.com,1900-01-01 16:00:00,9.467435897435898
1kzpunn1iw.example.com,1900-01-01 17:00:00,10.052162162162162
1kzpunn1iw.example.com,1900-01-01 18:00:00,10.052105263157895
1kzpunn1iw.example.com,1900-01-01 19:00:00,10.081052631578947
1kzpunn1iw.example.com,1900-01-01 20:00:00,9.895
1kzpunn1iw.example.com,1900-01-01 21:00:00,9.40709677419355
1kzpunn1iw.example.com,1900-01-01 22:00:00,6.364705882352942
1kzpunn1iw.example.com,1900-01-01 23:00:00,6.273
21553426o4.example.com,1900-01-01 00:00:00,0.13875
21553426o4.example.com,1900-01-01 01:00:00,0.09043478260869565
21553426o4.example.com,1900-01-01 02:00:00,0.0708
21553426o4.example.com,1900-01-01 03:00:00,0.1216
21553426o4.example.com,1900-01-01 04:00:00,0.0731578947368421
21553426o4.example.com,1900-01-01 05:00:00,0.05333333333333333
21553426o4.example.com,1900-01-01 06:00:00,0.050555555555555555
21553426o4.example.com,1900-01-01 07:00:00,0.05736842105263158
21553426o4.example.com,1900-01-01 08:00:00,0.06263157894736841
21553426o4.example.com,1900-01-01 09:00:00,0.04857142857142857
21553426o4.example.com,1900-01-01 10:00:00,0.0672
21553426o4.example.com,1900-01-01 11:00:00,0.06
21553426o4.example.com,1900-01-01 12:00:00,0.04829268292682927
21553426o4.example.com,1900-01-01 13:00:00,0.21317073170731707
21553426o4.example.com,1900-01-01 14:00:00,0.11476190476190475
21553426o4.example.com,1900-01-01 15:00:00,0.05806451612903226
21553426o4.example.com,1900-01-01 16:00:00,0.05655172413793103
21553426o4.example.com,1900-01-01 17:00:00,0.059000000000000004
21553426o4.example.com,1900-01-01 18:00:00,0.06413793103448276
21553426o4.example.com,1900-01-01 19:00:00,0.04451612903225806
21553426o4.example.com,1900-01-01 20:00:00,0.06559999999999999
21553426o4.example.com,1900-01-01 21:00:00,0.10033333333333334
21553426o4.example.com,1900-01-01 22:00:00,0.1206896551724138
21553426o4.example.com,1900-01-01 23:00:00,0.12476190476190477
26n7558qem.example.com,1900-01-01 00:00:00,2.2
26n7558qem.example.com,1900-01-01 01:00:00,0.35370370370370374
26n7558qem.example.com,1900-01-01 02:00:00,0.4760714285714286
26n7558qem.example.com,1900-01-01 03:00:00,0.37900000000000006
26n7558qem.example.com,1900-01-01 04:00:00,0.7720833333333333
26n7558qem.example.com,1900-01-01 05:00:00,3.493
26n7558qem.example.com,1900-01-01 06:00:00,0.49583333333333335
26n7558qem.example.com,1900-01-01 07:00:00,1.4590909090909092
26n7558qem.example.com,1900-01-01 08:00:00,0.3554166666666667
26n7558qem.example.com,1900-01-01 09:00:00,2.640740740740741
26n7558qem.example.com,1900-01-01 10:00:00,0.5088235294117647
26n7558qem.example.com,1900-01-01 11:00:00,1.677735849056604
26n7558qem.example.com,1900-01-01 12:00:00,2.938214285714286
26n7558qem.example.com,1900-01-01 13:00:00,1.2646774193548387
26n7558qem.example.com,1900-01-01 14:00:00,1.7401694915254238
26n7558qem.example.com,1900-01-01 15:00:00,1.5253488372093025
26n7558qem.example.com,1900-01-01 16:00:00,1.455909090909091
26n7558qem.example.com,1900-01-01 17:00:00,1.9629268292682929
26n7558qem.example.com,1900-01-01 18:00:00,0.557948717948718
26n7558qem.example.com,1900-01-01 19:00:00,1.4846666666666668
26n7558qem.example.com,1900-01-01 20:00:00,1.6535555555555554
26n7558qem.example.com,1900-01-01 21:00:00,1.5363157894736843
26n7558qem.example.com,1900-01-01 22:00:00,0.55125
26n7558qem.example.com,1900-01-01 23:00:00,0.5561290322580645
2tt7bdzt93.example.com,1900-01-01 00:00:00,2.3128
2tt7bdzt93.example.com,1900-01-01 01:00:00,0.41096774193548385
2tt7bdzt93.example.com,1900-01-01 02:00:00,0.32916666666666666
2tt7bdzt93.example.com,1900-01-01 03:00:00,0.4623076923076923
2tt7bdzt93.example.com,1900-01-01 04:00:00,2.9364999999999997
2tt7bdzt93.example.com,1900-01-01 05:00:00,0.3165
2tt7bdzt93.example.com,1900-01-01 06:00:00,0.2383333333333333
2tt7bdzt93.example.com,1900-01-01 07:00:00,7.065294117647059
2tt7bdzt93.example.com,1900-01-01 08:00:00,1.0794736842105264
2tt7bdzt93.example.com,1900-01-01 09:00:00,0.3605263157894737
2tt7bdzt93.example.com,1900-01-01 10:00:00,3.421724137931034
2tt7bdzt93.example.com,1900-01-01 11:00:00,1.5585185185185184
2tt7bdzt93.example.com,1900-01-01 12:00:00,0.36790697674418604
2tt7bdzt93.example.com,1900-01-01 13:00:00,1.1652
2tt7bdzt93.example.com,1900-01-01 14:00:00,0.4218421052631579
2tt7bdzt93.example.com,1900-01-01 15:00:00,0.4615
2tt7bdzt93.example.com,1900-01-01 16:00:00,0.7623529411764707
2tt7bdzt93.example.com,1900-01-01 17:00:00,0.3295
2tt7bdzt93.example.com,1900-01-01 18:00:00,1.77
2tt7bdzt93.example.com,1900-01-01 19:00:00,0.29324324324324325
2tt7bdzt93.example.com,1900-01-01 20:00:00,1.6269047619047619
2tt7bdzt93.example.com,1900-01-01 21:00:00,0.5212820512820512
2tt7bdzt93.example.com,1900-01-01 22:00:00,0.34814814814814815
2tt7bdzt93.example.com,1900-01-01 23:00:00,2.945
45x6ba5r58.example.com,1900-01-01 00:00:00,10.39806451612903
45x6ba5r58.example.com,1900-01-01 01:00:00,6.831071428571429
45x6ba5r58.example.com,1900-01-01 02:00:00,6.184516129032258
45x6ba5r58.example.com,1900-01-01 03:00:00,6.770416666666667
45x6ba5r58.example.com,1900-01-01 04:00:00,7.440555555555556
45x6ba5r58.example.com,1900-01-01 05:00:00,8.504583333333334
45x6ba5r58.example.com,1900-01-01 06:00:00,8.367272727272727
45x6ba5r58.example.com,1900-01-01 07:00:00,7.213636363636363
45x6ba5r58.example.com,1900-01-01 08:00:00,9.113636363636363
45x6ba5r58.example.com,1900-01-01 09:00:00,8.075714285714286
45x6ba5r58.example.com,1900-01-01 10:00:00,10.56
45x6ba5r58.example.com,1900-01-01 11:00:00,14.893518518518519
45x6ba5r58.example.com,1900-01-01 12:00:00,11.93923076923077
45x6ba5r58.example.com,1900-01-01 13:00:00,14.252181818181818
45x6ba5r58.example.com,1900-01-01 14:00:00,9.617857142857144
45x6ba5r58.example.com,1900-01-01 15:00:00,14.530227272727274
45x6ba5r58.example.com,1900-01-01 16:00:00,13.386136363636364
45x6ba5r58.example.com,1900-01-01 17:00:00,9.197209302325582
45x6ba5r58.example.com,1900-01-01 18:00:00,11.086410256410257
45x6ba5r58.example.com,1900-01-01 19:00:00,9.113589743589744
45x6ba5r58.example.com,1900-01-01 20:00:00,9.433783783783785
45x6ba5r58.example.com,1900-01-01 21:00:00,9.429302325581395
45x6ba5r58.example.com,1900-01-01 22:00:00,9.39375
45x6ba5r58.example.com,1900-01-01 23:00:00,9.977407407407407
491170l4j9.example.com,1900-01-01 00:00:00,0.8171794871794872
491170l4j9.example.com,1900-01-01 01:00:00,0.7002631578947368
491170l4j9.example.com,1900-01-01 02:00:00,0.6891666666666667
491170l4j9.example.com,1900-01-01 03:00:00,0.6947058823529412
491170l4j9.example.com,1900-01-01 04:00:00,0.7161764705882353
491170l4j9.example.com,1900-01-01 05:00:00,0.594375
491170l4j9.example.com,1900-01-01 06:00:00,0.6549999999999999
491170l4j9.example.com,1900-01-01 07:00:00,0.8126470588235294
491170l4j9.example.com,1900-01-01 08:00:00,0.6444117647058824
491170l4j9.example.com,1900-01-01 09:00:00,0.63875
491170l4j9.example.com,1900-01-01 10:00:00,0.6729787234042554
491170l4j9.example.com,1900-01-01 11:00:00,0.62175
491170l4j9.example.com,1900-01-01 12:00:00,0.7267469879518073
491170l4j9.example.com,1900-01-01 13:00:00,0.6385057471264367
491170l4j9.example.com,1900-01-01 14:00:00,0.6567045454545455
491170l4j9.example.com,1900-01-01 15:00:00,0.64140625
491170l4j9.example.com,1900-01-01 16:00:00,0.7284057971014493
491170l4j9.example.com,1900-01-01 17:00:00,0.6242424242424243
491170l4j9.example.com,1900-01-01 18:00:00,0.6378787878787879
491170l4j9.example.com,1900-01-01 19:00:00,0.6770149253731343
491170l4j9.example.com,1900-01-01 20:00:00,0.728923076923077
491170l4j9.example.com,1900-01-01 21:00:00,0.7612307692307692
491170l4j9.example.com,1900-01-01 22:00:00,0.7384126984126984
491170l4j9.example.com,1900-01-01 23:00:00,0.754468085106383
49y0s4e6yi.example.com,1900-01-01 00:00:00,8.095625
49y0s4e6yi.example.com,1900-01-01 01:00:00,11.53590909090909
49y0s4e6yi.example.com,1900-01-01 02:00:00,19.77111111111111
49y0s4e6yi.example.com,1900-01-01 20:00:00,25.040714285714284
49y0s4e6yi.example.com,1900-01-01 21:00:00,11.59
49y0s4e6yi.example.com,1900-01-01 22:00:00,13.506956521739129
49y0s4e6yi.example.com,1900-01-01 23:00:00,15.111
4p9xf6q09j.example.com,1900-01-01 00:00:00,0.056
4p9xf6q09j.example.com,1900-01-01 01:00:00,0.07416666666666667
4p9xf6q09j.example.com,1900-01-01 02:00:00,0.03636363636363636
4p9xf6q09j.example.com,1900-01-01 03:00:00,0.03
4p9xf6q09j.example.com,1900-01-01 04:00:00,0.07400000000000001
4p9xf6q09j.example.com,1900-01-01 05:00:00,0.5416666666666666
4p9xf6q09j.example.com,1900-01-01 06:00:00,0.05142857142857143
4p9xf6q09j.example.com,1900-01-01 07:00:00,0.37636363636363634
4p9xf6q09j.example.com,1900-01-01 08:00:00,0.054285714285714284
4p9xf6q09j.example.com,1900-01-01 09:00:00,0.03666666666666666
4p9xf6q09j.example.com,1900-01-01 10:00:00,0.03461538461538461
4p9xf6q09j.example.com,1900-01-01 11:00:00,0.042105263157894736
4p9xf6q09j.example.com,1900-01-01 12:00:00,0.05714285714285714
4p9xf6q09j.example.com,1900-01-01 13:00:00,0.15608695652173912
4p9xf6q09j.example.com,1900-01-01 14:00:00,0.05272727272727273
4p9xf6q09j.example.com,1900-01-01 15:00:00,0.28785714285714287
4p9xf6q09j.example.com,1900-01-01 16:00:00,0.032999999999999995
4p9xf6q09j.example.com,1900-01-01 17:00:00,0.04727272727272727
4p9xf6q09j.example.com,1900-01-01 18:00:00,0.08875
4p9xf6q09j.example.com,1900-01-01 19:00:00,0.048
4p9xf6q09j.example.com,1900-01-01 20:00:00,0.03818181818181818
4p9xf6q09j.example.com,1900-01-01 21:00:00,0.22388888888888892
4p9xf6q09j.example.com,1900-01-01 22:00:00,0.0764
4p9xf6q09j.example.com,1900-01-01 23:00:00,0.12863636363636363
5j4leg39i6.example.com,1900-01-01 00:00:00,0.7202500000000001
5j4leg39i6.example.com,1900-01-01 01:00:00,0.72
5j4leg39i6.example.com,1900-01-01 02:00:00,0.7916666666666666
5j4leg39i6.example.com,1900-01-01 03:00:00,0.8747058823529412
5j4leg39i6.example.com,1900-01-01 04:00:00,1.0093939393939395
5j4leg39i6.example.com,1900-01-01 05:00:00,0.7684848484848484
5j4leg39i6.example.com,1900-01-01 06:00:00,0.8890625
5j4leg39i6.example.com,1900-01-01 07:00:00,0.785
5j4leg39i6.example.com,1900-01-01 08:00:00,0.816969696969697
5j4leg39i6.example.com,1900-01-01 09:00:00,0.7754545454545454
5j4leg39i6.example.com,1900-01-01 10:00:00,0.8313333333333333
5j4leg39i6.example.com,1900-01-01 11:00:00,0.9349999999999999
5j4leg39i6.example.com,1900-01-01 12:00:00,0.86775
5j4leg39i6.example.com,1900-01-01 13:00:00,0.9487058823529412
5j4leg39i6.example.com,1900-01-01 14:00:00,0.8649425287356322
5j4leg39i6.example.com,1900-01-01 15:00:00,0.9582608695652175
5j4leg39i6.example.com,1900-01-01 16:00:00,0.8973134328358209
5j4leg39i6.example.com,1900-01-01 17:00:00,1.4741176470588235
5j4leg39i6.example.com,1900-01-01 18:00:00,0.9038805970149254
5j4leg39i6.example.com,1900-01-01 19:00:00,0.8624615384615385
5j4leg39i6.example.com,1900-01-01 20:00:00,0.8821212121212121
5j4leg39i6.example.com,1900-01-01 21:00:00,0.7876923076923077
5j4leg39i6.example.com,1900-01-01 22:00:00,0.7069841269841269
5j4leg39i6.example.com,1900-01-01 23:00:00,0.6765217391304348
60akv51096.example.com,1900-01-01 00:00:00,1.126923076923077
60akv51096.example.com,1900-01-01 01:00:00,4.445555555555556
60akv51096.example.com,1900-01-01 02:00:00,1.0879999999999999
60akv51096.example.com,1900-01-01 03:00:00,2.713235294117647
60akv51096.example.com,1900-01-01 04:00:00,1.236470588235294
60akv51096.example.com,1900-01-01 05:00:00,2.4584375
60akv51096.example.com,1900-01-01 06:00:00,4.8629999999999995
60akv51096.example.com,1900-01-01 07:00:00,1.19125
60akv51096.example.com,1900-01-01 08:00:00,1.1353125
60akv51096.example.com,1900-01-01 09:00:00,1.1974193548387095
60akv51096.example.com,1900-01-01 10:00:00,7.723999999999999
60akv51096.example.com,1900-01-01 11:00:00,1.2885714285714285
60akv51096.example.com,1900-01-01 12:00:00,1.3149382716049383
60akv51096.example.com,1900-01-01 13:00:00,3.404367816091954
60akv51096.example.com,1900-01-01 14:00:00,1.2349397590361446
60akv51096.example.com,1900-01-01 15:00:00,4.440483870967742
60akv51096.example.com,1900-01-01 16:00:00,1.8327692307692307
60akv51096.example.com,1900-01-01 17:00:00,2.6285714285714286
60akv51096.example.com,1900-01-01 18:00:00,1.2855555555555556
60akv51096.example.com,1900-01-01 19:00:00,1.1249253731343285
60akv51096.example.com,1900-01-01 20:00:00,1.938095238095238
60akv51096.example.com,1900-01-01 21:00:00,1.2803174603174603
60akv51096.example.com,1900-01-01 22:00:00,1.9675806451612903
60akv51096.example.com,1900-01-01 23:00:00,1.8831914893617019
6627ch84u1.example.com,1900-01-01 00:00:00,0.7138461538461538
6627ch84u1.example.com,1900-01-01 01:00:00,0.6310526315789474
6627ch84u1.example.com,1900-01-01 02:00:00,0.7878378378378378
6627ch84u1.example.com,1900-01-01 03:00:00,0.7357575757575758
6627ch84u1.example.com,1900-01-01 04:00:00,0.6844117647058824
6627ch84u1.example.com,1900-01-01 05:00:00,0.8654545454545454
6627ch84u1.example.com,1900-01-01 06:00:00,0.7013793103448276
6627ch84u1.example.com,1900-01-01 07:00:00,0.7041176470588235
6627ch84u1.example.com,1900-01-01 08:00:00,0.7676470588235295
6627ch84u1.example.com,1900-01-01 09:00:00,0.7578125
6627ch84u1.example.com,1900-01-01 10:00:00,0.7493877551020408
6627ch84u1.example.com,1900-01-01 11:00:00,0.783375
6627ch84u1.example.com,1900-01-01 12:00:00,0.749753086419753
6627ch84u1.example.com,1900-01-01 13:00:00,0.8059770114942529
6627ch84u1.example.com,1900-01-01 14:00:00,0.7659523809523809
6627ch84u1.example.com,1900-01-01 15:00:00,0.8181159420289855
6627ch84u1.example.com,1900-01-01 16:00:00,0.7967164179104478
6627ch84u1.example.com,1900-01-01 17:00:00,0.7487692307692307
6627ch84u1.example.com,1900-01-01 18:00:00,0.7528787878787878
6627ch84u1.example.com,1900-01-01 19:00:00,0.755223880597015
6627ch84u1.example.com,1900-01-01 20:00:00,0.7966666666666666
6627ch84u1.example.com,1900-01-01 21:00:00,0.79203125
6627ch84u1.example.com,1900-01-01 22:00:00,0.7606349206349207
6627ch84u1.example.com,1900-01-01 23:00:00,0.6693617021276596
6649n13ytp.example.com,1900-01-01 00:00:00,0.7273333333333334
6649n13ytp.example.com,1900-01-01 01:00:00,1.4294736842105262
6649n13ytp.example.com,1900-01-01 02:00:00,1.368235294117647
6649n13ytp.example.com,1900-01-01 03:00:00,1.4552941176470586
6649n13ytp.example.com,1900-01-01 04:00:00,1.338
6649n13ytp.example.com,1900-01-01 05:00:00,3.665714285714286
6649n13ytp.example.com,1900-01-01 06:00:00,2.8833333333333333
6649n13ytp.example.com,1900-01-01 07:00:00,1.258
6649n13ytp.example.com,1900-01-01 08:00:00,1.4222222222222223
6649n13ytp.example.com,1900-01-01 09:00:00,0.35000000000000003
6649n13ytp.example.com,1900-01-01 21:00:00,0.27
6649n13ytp.example.com,1900-01-01 22:00:00,4.238823529411765
6649n13ytp.example.com,1900-01-01 23:00:00,0.5191666666666667
686573048k.example.com,1900-01-01 00:00:00,0.681875
686573048k.example.com,1900-01-01 01:00:00,0.8595454545454545
686573048k.example.com,1900-01-01 02:00:00,2.315
686573048k.example.com,1900-01-01 03:00:00,1.2629411764705882
686573048k.example.com,1900-01-01 04:00:00,0.7411764705882353
686573048k.example.com,1900-01-01 05:00:00,0.882
686573048k.example.com,1900-01-01 06:00:00,0.8507142857142858
686573048k.example.com,1900-01-01 07:00:00,0.7094117647058824
686573048k.example.com,1900-01-01 08:00:00,0.7916666666666666
686573048k.example.com,1900-01-01 09:00:00,1.03
686573048k.example.com,1900-01-01 21:00:00,0.61
686573048k.example.com,1900-01-01 22:00:00,1.6
686573048k.example.com,1900-01-01 23:00:00,0.7266666666666667
68wa53c1nt.example.com,1900-01-01 00:00:00,2.263571428571429
68wa53c1nt.example.com,1900-01-01 01:00:00,0.20600000000000002
68wa53c1nt.example.com,1900-01-01 02:00:00,0.41
68wa53c1nt.example.com,1900-01-01 03:00:00,0.26
68wa53c1nt.example.com,1900-01-01 04:00:00,2.2
68wa53c1nt.example.com,1900-01-01 05:00:00,0.558
68wa53c1nt.example.com,1900-01-01 06:00:00,0.21000000000000002
68wa53c1nt.example.com,1900-01-01 07:00:00,0.2675
68wa53c1nt.example.com,1900-01-01 08:00:00,0.225
68wa53c1nt.example.com,1900-01-01 09:00:00,0.27499999999999997
68wa53c1nt.example.com,1900-01-01 10:00:00,1.7480000000000004
68wa53c1nt.example.com,1900-01-01 11:00:00,0.18727272727272729
68wa53c1nt.example.com,1900-01-01 12:00:00,0.7787999999999999
68wa53c1nt.example.com,1900-01-01 13:00:00,0.35615384615384615
68wa53c1nt.example.com,1900-01-01 14:00:00,0.20440000000000003
68wa53c1nt.example.com,1900-01-01 15:00:00,0.738
68wa53c1nt.example.com,1900-01-01 16:00:00,0.8882142857142857
68wa53c1nt.example.com,1900-01-01 17:00:00,0.18964285714285717
68wa53c1nt.example.com,1900-01-01 18:00:00,0.24750000000000003
68wa53c1nt.example.com,1900-01-01 19:00:00,0.17758620689655175
68wa53c1nt.example.com,1900-01-01 20:00:00,0.2288888888888889
68wa53c1nt.example.com,1900-01-01 21:00:00,0.7244444444444444
68wa53c1nt.example.com,1900-01-01 22:00:00,0.2062962962962963
68wa53c1nt.example.com,1900-01-01 23:00:00,0.29947368421052634
6wz6ovdd53.example.com,1900-01-01 00:00:00,0.3646153846153846
6wz6ovdd53.example.com,1900-01-01 01:00:00,0.22800000000000004
6wz6ovdd53.example.com,1900-01-01 02:00:00,1.2349999999999999
6wz6ovdd53.example.com,1900-01-01 03:00:00,0.645
6wz6ovdd53.example.com,1900-01-01 04:00:00,0.14
6wz6ovdd53.example.com,1900-01-01 05:00:00,0.5125
6wz6ovdd53.example.com,1900-01-01 06:00:00,0.275
6wz6ovdd53.example.com,1900-01-01 07:00:00,0.51
6wz6ovdd53.example.com,1900-01-01 08:00:00,0.1525
6wz6ovdd53.example.com,1900-01-01 09:00:00,0.26
6wz6ovdd53.example.com,1900-01-01 10:00:00,0.575
6wz6ovdd53.example.com,1900-01-01 11:00:00,1.217272727272727
6wz6ovdd53.example.com,1900-01-01 12:00:00,0.1825
6wz6ovdd53.example.com,1900-01-01 13:00:00,0.25545454545454543
6wz6ovdd53.example.com,1900-01-01 14:00:00,6.653333333333332
6wz6ovdd53.example.com,1900-01-01 15:00:00,0.4318181818181818
6wz6ovdd53.example.com,1900-01-01 16:00:00,0.37307692307692303
6wz6ovdd53.example.com,1900-01-01 17:00:00,0.387
6wz6ovdd53.example.com,1900-01-01 18:00:00,0.377
6wz6ovdd53.example.com,1900-01-01 19:00:00,0.5690000000000001
6wz6ovdd53.example.com,1900-01-01 20:00:00,0.34
6wz6ovdd53.example.com,1900-01-01 21:00:00,0.29363636363636364
6wz6ovdd53.example.com,1900-01-01 22:00:00,0.8276923076923077
6wz6ovdd53.example.com,1900-01-01 23:00:00,0.27875
706683w064.example.com,1900-01-01 00:00:00,0.8438709677419355
706683w064.example.com,1900-01-01 01:00:00,2.5578125000000003
706683w064.example.com,1900-01-01 02:00:00,3.4245714285714284
706683w064.example.com,1900-01-01 03:00:00,3.4432
706683w064.example.com,1900-01-01 04:00:00,4.454444444444444
706683w064.example.com,1900-01-01 05:00:00,4.493333333333333
706683w064.example.com,1900-01-01 06:00:00,1.917857142857143
706683w064.example.com,1900-01-01 07:00:00,4.660833333333334
706683w064.example.com,1900-01-01 08:00:00,3.343928571428571
706683w064.example.com,1900-01-01 09:00:00,5.4272413793103444
706683w064.example.com,1900-01-01 10:00:00,4.263888888888889
706683w064.example.com,1900-01-01 11:00:00,4.512711864406779
706683w064.example.com,1900-01-01 12:00:00,3.9225
706683w064.example.com,1900-01-01 13:00:00,2.4453968253968252
706683w064.example.com,1900-01-01 14:00:00,4.437666666666667
706683w064.example.com,1900-01-01 15:00:00,1.8506666666666667
706683w064.example.com,1900-01-01 16:00:00,0.5369387755102041
706683w064.example.com,1900-01-01 17:00:00,1.5488372093023255
706683w064.example.com,1900-01-01 18:00:00,1.4902272727272725
706683w064.example.com,1900-01-01 19:00:00,0.5226666666666666
706683w064.example.com,1900-01-01 20:00:00,0.45047619047619053
706683w064.example.com,1900-01-01 21:00:00,0.5346153846153846
706683w064.example.com,1900-01-01 22:00:00,0.4935135135135136
706683w064.example.com,1900-01-01 23:00:00,0.7845833333333333
75344p5z10.example.com,1900-01-01 00:00:00,7.56
75344p5z10.example.com,1900-01-01 01:00:00,7.5920000000000005
75344p5z10.example.com,1900-01-01 02:00:00,7.331999999999999
75344p5z10.example.com,1900-01-01 03:00:00,7.192
75344p5z10.example.com,1900-01-01 04:00:00,7.915
7s8k0s638r.example.com,1900-01-01 00:00:00,0.04833333333333333
7s8k0s638r.example.com,1900-01-01 01:00:00,0.16347826086956524
7s8k0s638r.example.com,1900-01-01 02:00:00,0.08260869565217391
7s8k0s638r.example.com,1900-01-01 03:00:00,0.09555555555555556
7s8k0s638r.example.com,1900-01-01 04:00:00,0.20476190476190478
7s8k0s638r.example.com,1900-01-01 05:00:00,0.07705882352941176
7s8k0s638r.example.com,1900-01-01 06:00:00,0.14555555555555555
7s8k0s638r.example.com,1900-01-01 07:00:00,0.07777777777777778
7s8k0s638r.example.com,1900-01-01 08:00:00,0.07157894736842105
7s8k0s638r.example.com,1900-01-01 09:00:00,0.0911764705882353
7s8k0s638r.example.com,1900-01-01 10:00:00,0.08583333333333333
7s8k0s638r.example.com,1900-01-01 11:00:00,0.09275
7s8k0s638r.example.com,1900-01-01 12:00:00,0.08636363636363636
7s8k0s638r.example.com,1900-01-01 13:00:00,0.08694444444444444
7s8k0s638r.example.com,1900-01-01 14:00:00,0.05615384615384615
7s8k0s638r.example.com,1900-01-01 15:00:00,0.041428571428571426
7s8k0s638r.example.com,1900-01-01 16:00:00,0.12666666666666668
7s8k0s638r.example.com,1900-01-01 17:00:00,0.04157894736842105
7s8k0s638r.example.com,1900-01-01 18:00:00,0.24375
7s8k0s638r.example.com,1900-01-01 19:00:00,0.05772727272727273
7s8k0s638r.example.com,1900-01-01 20:00:00,0.039523809523809524
7s8k0s638r.example.com,1900-01-01 21:00:00,0.2310526315789474
7s8k0s638r.example.com,1900-01-01 22:00:00,0.046799999999999994
7s8k0s638r.example.com,1900-01-01 23:00:00,0.057857142857142864
87c5erai8d.example.com,1900-01-01 00:00:00,0.5465714285714286
87c5erai8d.example.com,1900-01-01 01:00:00,0.715
87c5erai8d.example.com,1900-01-01 02:00:00,3.4828
87c5erai8d.example.com,1900-01-01 03:00:00,0.6224137931034484
87c5erai8d.example.com,1900-01-01 04:00:00,2.2024137931034486
87c5erai8d.example.com,1900-01-01 05:00:00,1.3021428571428573
87c5erai8d.example.com,1900-01-01 06:00:00,0.5634482758620689
87c5erai8d.example.com,1900-01-01 07:00:00,1.9344827586206894
87c5erai8d.example.com,1900-01-01 08:00:00,0.5881481481481482
87c5erai8d.example.com,1900-01-01 09:00:00,2.1296666666666666
87c5erai8d.example.com,1900-01-01 10:00:00,3.394615384615385
87c5erai8d.example.com,1900-01-01 11:00:00,0.7679310344827586
87c5erai8d.example.com,1900-01-01 12:00:00,1.4485483870967741
87c5erai8d.example.com,1900-01-01 13:00:00,1.3974242424242425
87c5erai8d.example.com,1900-01-01 14:00:00,0.9913846153846153
87c5erai8d.example.com,1900-01-01 15:00:00,0.9758139534883721
87c5erai8d.example.com,1900-01-01 16:00:00,1.3554761904761905
87c5erai8d.example.com,1900-01-01 17:00:00,0.8936585365853659
87c5erai8d.example.com,1900-01-01 18:00:00,0.583076923076923
87c5erai8d.example.com,1900-01-01 19:00:00,3.9821739130434786
87c5erai8d.example.com,1900-01-01 20:00:00,0.6897826086956522
87c5erai8d.example.com,1900-01-01 21:00:00,1.2282222222222223
87c5erai8d.example.com,1900-01-01 22:00:00,0.6380434782608696
87c5erai8d.example.com,1900-01-01 23:00:00,0.7474999999999999
91fvy62m26.example.com,1900-01-01 00:00:00,0.5840625
91fvy62m26.example.com,1900-01-01 01:00:00,2.286896551724138
91fvy62m26.example.com,1900-01-01 02:00:00,3.683333333333333
91fvy62m26.example.com,1900-01-01 03:00:00,0.3888888888888889
91fvy62m26.example.com,1900-01-01 04:00:00,0.9236
91fvy62m26.example.com,1900-01-01 05:00:00,4.572692307692308
91fvy62m26.example.com,1900-01-01 06:00:00,0.5438461538461539
91fvy62m26.example.com,1900-01-01 07:00:00,0.48120000000000007
91fvy62m26.example.com,1900-01-01 08:00:00,1.3699999999999999
91fvy62m26.example.com,1900-01-01 09:00:00,0.8184
91fvy62m26.example.com,1900-01-01 10:00:00,0.445
91fvy62m26.example.com,1900-01-01 11:00:00,0.519
91fvy62m26.example.com,1900-01-01 12:00:00,2.194107142857143
91fvy62m26.example.com,1900-01-01 13:00:00,0.8089705882352941
91fvy62m26.example.com,1900-01-01 14:00:00,0.7796428571428572
91fvy62m26.example.com,1900-01-01 15:00:00,0.7145833333333332
91fvy62m26.example.com,1900-01-01 16:00:00,0.5676744186046512
91fvy62m26.example.com,1900-01-01 17:00:00,1.6500000000000001
91fvy62m26.example.com,1900-01-01 18:00:00,0.6156818181818182
91fvy62m26.example.com,1900-01-01 19:00:00,0.7283720930232558
91fvy62m26.example.com,1900-01-01 20:00:00,0.5689473684210526
91fvy62m26.example.com,1900-01-01 21:00:00,0.7309523809523809
91fvy62m26.example.com,1900-01-01 22:00:00,0.5997826086956521
91fvy62m26.example.com,1900-01-01 23:00:00,2.24
95mtvvas0b.example.com,1900-01-01 00:00:00,2.9595454545454545
95mtvvas0b.example.com,1900-01-01 01:00:00,0.7579999999999999
95mtvvas0b.example.com,1900-01-01 02:00:00,0.6164516129032258
95mtvvas0b.example.com,1900-01-01 03:00:00,0.7328
95mtvvas0b.example.com,1900-01-01 04:00:00,0.7476923076923078
95mtvvas0b.example.com,1900-01-01 05:00:00,0.8082608695652174
95mtvvas0b.example.com,1900-01-01 06:00:00,0.6092
95mtvvas0b.example.com,1900-01-01 07:00:00,1.0257692307692308
95mtvvas0b.example.com,1900-01-01 08:00:00,0.802
95mtvvas0b.example.com,1900-01-01 09:00:00,0.5648148148148148
95mtvvas0b.example.com,1900-01-01 10:00:00,2.7293333333333334
95mtvvas0b.example.com,1900-01-01 11:00:00,0.944468085106383
95mtvvas0b.example.com,1900-01-01 12:00:00,1.5907999999999998
95mtvvas0b.example.com,1900-01-01 13:00:00,0.5942307692307692
95mtvvas0b.example.com,1900-01-01 14:00:00,0.7076470588235295
95mtvvas0b.example.com,1900-01-01 15:00:00,0.6645714285714286
95mtvvas0b.example.com,1900-01-01 16:00:00,0.5829411764705883
95mtvvas0b.example.com,1900-01-01 17:00:00,0.5848484848484848
95mtvvas0b.example.com,1900-01-01 18:00:00,0.9478125000000001
95mtvvas0b.example.com,1900-01-01 19:00:00,4.7137142857142855
95mtvvas0b.example.com,1900-01-01 20:00:00,0.662
95mtvvas0b.example.com,1900-01-01 21:00:00,2.3476470588235294
95mtvvas0b.example.com,1900-01-01 22:00:00,0.8752941176470589
95mtvvas0b.example.com,1900-01-01 23:00:00,0.7838095238095238
9p27d1k01y.example.com,1900-01-01 00:00:00,0.37000000000000005
9p27d1k01y.example.com,1900-01-01 01:00:00,1.4657142857142857
9p27d1k01y.example.com,1900-01-01 02:00:00,0.2792
9p27d1k01y.example.com,1900-01-01 03:00:00,2.753846153846154
9p27d1k01y.example.com,1900-01-01 04:00:00,0.21760000000000002
9p27d1k01y.example.com,1900-01-01 05:00:00,0.3521739130434782
9p27d1k01y.example.com,1900-01-01 06:00:00,1.2215000000000003
9p27d1k01y.example.com,1900-01-01 07:00:00,0.31363636363636366
9p27d1k01y.example.com,1900-01-01 08:00:00,0.3180952380952381
9p27d1k01y.example.com,1900-01-01 09:00:00,0.19920000000000002
9p27d1k01y.example.com,1900-01-01 10:00:00,0.41000000000000003
9p27d1k01y.example.com,1900-01-01 11:00:00,0.6935714285714285
9p27d1k01y.example.com,1900-01-01 12:00:00,0.4186956521739131
9p27d1k01y.example.com,1900-01-01 13:00:00,0.3458823529411765
9p27d1k01y.example.com,1900-01-01 14:00:00,0.43347826086956526
9p27d1k01y.example.com,1900-01-01 15:00:00,0.44027777777777777
9p27d1k01y.example.com,1900-01-01 16:00:00,1.2683783783783784
9p27d1k01y.example.com,1900-01-01 17:00:00,1.3945714285714286
9p27d1k01y.example.com,1900-01-01 18:00:00,0.3788235294117647
9p27d1k01y.example.com,1900-01-01 19:00:00,0.3422857142857143
9p27d1k01y.example.com,1900-01-01 20:00:00,0.8394444444444444
9p27d1k01y.example.com,1900-01-01 21:00:00,0.3612121212121212
9p27d1k01y.example.com,1900-01-01 22:00:00,0.213125
9p27d1k01y.example.com,1900-01-01 23:00:00,0.7505
ai4xs9tt54.example.com,1900-01-01 00:00:00,6.9270000000000005
ai4xs9tt54.example.com,1900-01-01 01:00:00,2.097777777777778
ai4xs9tt54.example.com,1900-01-01 02:00:00,2.7403703703703703
ai4xs9tt54.example.com,1900-01-01 03:00:00,2.9615
ai4xs9tt54.example.com,1900-01-01 04:00:00,2.7736
ai4xs9tt54.example.com,1900-01-01 05:00:00,6.617391304347826
ai4xs9tt54.example.com,1900-01-01 06:00:00,2.857037037037037
ai4xs9tt54.example.com,1900-01-01 07:00:00,2.57125
ai4xs9tt54.example.com,1900-01-01 08:00:00,2.7007999999999996
ai4xs9tt54.example.com,1900-01-01 09:00:00,3.1335
ai4xs9tt54.example.com,1900-01-01 10:00:00,3.769032258064516
ai4xs9tt54.example.com,1900-01-01 11:00:00,3.3831481481481482
ai4xs9tt54.example.com,1900-01-01 12:00:00,2.9405172413793106
ai4xs9tt54.example.com,1900-01-01 13:00:00,4.295925925925926
ai4xs9tt54.example.com,1900-01-01 14:00:00,3.3721428571428573
ai4xs9tt54.example.com,1900-01-01 15:00:00,4.244772727272728
ai4xs9tt54.example.com,1900-01-01 16:00:00,3.972727272727273
ai4xs9tt54.example.com,1900-01-01 17:00:00,6.444285714285715
ai4xs9tt54.example.com,1900-01-01 18:00:00,4.506666666666667
ai4xs9tt54.example.com,1900-01-01 19:00:00,5.956382978723404
ai4xs9tt54.example.com,1900-01-01 20:00:00,6.82625
ai4xs9tt54.example.com,1900-01-01 21:00:00,5.535789473684211
ai4xs9tt54.example.com,1900-01-01 22:00:00,7.168947368421053
ai4xs9tt54.example.com,1900-01-01 23:00:00,7.630400000000001
b2g1e47781.example.com,1900-01-01 00:00:00,0.4383333333333333
b2g1e47781.example.com,1900-01-01 01:00:00,0.46727272727272723
b2g1e47781.example.com,1900-01-01 02:00:00,0.36578947368421055
b2g1e47781.example.com,1900-01-01 03:00:00,0.19666666666666668
b2g1e47781.example.com,1900-01-01 04:00:00,0.25222222222222224
b2g1e47781.example.com,1900-01-01 05:00:00,0.6679999999999999
b2g1e47781.example.com,1900-01-01 06:00:00,1.3066666666666669
b2g1e47781.example.com,1900-01-01 07:00:00,0.28250000000000003
b2g1e47781.example.com,1900-01-01 08:00:00,0.279375
b2g1e47781.example.com,1900-01-01 09:00:00,0.6978571428571428
b2g1e47781.example.com,1900-01-01 10:00:00,1.188235294117647
b2g1e47781.example.com,1900-01-01 11:00:00,0.4364
b2g1e47781.example.com,1900-01-01 12:00:00,0.3396296296296296
b2g1e47781.example.com,1900-01-01 13:00:00,0.6891176470588235
b2g1e47781.example.com,1900-01-01 14:00:00,0.5501351351351351
b2g1e47781.example.com,1900-01-01 15:00:00,1.0569117647058823
b2g1e47781.example.com,1900-01-01 16:00:00,0.8730882352941176
b2g1e47781.example.com,1900-01-01 17:00:00,0.5065151515151515
b2g1e47781.example.com,1900-01-01 18:00:00,0.6058461538461539
b2g1e47781.example.com,1900-01-01 19:00:00,0.6195522388059701
b2g1e47781.example.com,1900-01-01 20:00:00,0.6853968253968253
b2g1e47781.example.com,1900-01-01 21:00:00,0.5493846153846154
b2g1e47781.example.com,1900-01-01 22:00:00,0.5480327868852459
b2g1e47781.example.com,1900-01-01 23:00:00,0.4066666666666667
d84433utw1.example.com,1900-01-01 00:00:00,0.5186842105263159
d84433utw1.example.com,1900-01-01 01:00:00,0.2767741935483871
d84433utw1.example.com,1900-01-01 02:00:00,0.34696969696969693
d84433utw1.example.com,1900-01-01 03:00:00,2.682142857142857
d84433utw1.example.com,1900-01-01 04:00:00,1.6026666666666667
d84433utw1.example.com,1900-01-01 05:00:00,0.19814814814814813
d84433utw1.example.com,1900-01-01 06:00:00,2.131612903225806
d84433utw1.example.com,1900-01-01 07:00:00,0.3475757575757576
d84433utw1.example.com,1900-01-01 08:00:00,0.44906250000000003
d84433utw1.example.com,1900-01-01 09:00:00,0.35942857142857143
d84433utw1.example.com,1900-01-01 10:00:00,0.6215909090909091
d84433utw1.example.com,1900-01-01 11:00:00,0.8158441558441558
d84433utw1.example.com,1900-01-01 12:00:00,2.002857142857143
d84433utw1.example.com,1900-01-01 13:00:00,2.363103448275862
d84433utw1.example.com,1900-01-01 14:00:00,1.0648837209302326
d84433utw1.example.com,1900-01-01 15:00:00,2.169848484848485
d84433utw1.example.com,1900-01-01 16:00:00,0.9110144927536232
d84433utw1.example.com,1900-01-01 17:00:00,0.5388059701492538
d84433utw1.example.com,1900-01-01 18:00:00,0.514179104477612
d84433utw1.example.com,1900-01-01 19:00:00,0.6404477611940298
d84433utw1.example.com,1900-01-01 20:00:00,0.5123076923076922
d84433utw1.example.com,1900-01-01 21:00:00,0.535
d84433utw1.example.com,1900-01-01 22:00:00,0.480625
d84433utw1.example.com,1900-01-01 23:00:00,0.5139130434782608
de9xl9d7v2.example.com,1900-01-01 00:00:00,0.8006896551724138
de9xl9d7v2.example.com,1900-01-01 01:00:00,3.2641379310344827
de9xl9d7v2.example.com,1900-01-01 02:00:00,2.542962962962963
de9xl9d7v2.example.com,1900-01-01 03:00:00,4.1072
de9xl9d7v2.example.com,1900-01-01 04:00:00,2.7874074074074078
de9xl9d7v2.example.com,1900-01-01 05:00:00,1.3699999999999999
de9xl9d7v2.example.com,1900-01-01 06:00:00,3.8964
de9xl9d7v2.example.com,1900-01-01 07:00:00,16.829545454545453
de9xl9d7v2.example.com,1900-01-01 08:00:00,23.614
de9xl9d7v2.example.com,1900-01-01 09:00:00,19.55
de9xl9d7v2.example.com,1900-01-01 10:00:00,15.98970588235294
de9xl9d7v2.example.com,1900-01-01 11:00:00,12.958799999999998
de9xl9d7v2.example.com,1900-01-01 12:00:00,11.183220338983052
de9xl9d7v2.example.com,1900-01-01 13:00:00,10.139152542372882
de9xl9d7v2.example.com,1900-01-01 14:00:00,8.854833333333334
de9xl9d7v2.example.com,1900-01-01 15:00:00,3.1919444444444447
de9xl9d7v2.example.com,1900-01-01 16:00:00,2.7727906976744188
de9xl9d7v2.example.com,1900-01-01 17:00:00,1.6675675675675674
de9xl9d7v2.example.com,1900-01-01 18:00:00,0.6617073170731708
de9xl9d7v2.example.com,1900-01-01 19:00:00,2.465581395348837
de9xl9d7v2.example.com,1900-01-01 20:00:00,1.7291111111111113
de9xl9d7v2.example.com,1900-01-01 21:00:00,0.4541025641025641
de9xl9d7v2.example.com,1900-01-01 22:00:00,1.41975
de9xl9d7v2.example.com,1900-01-01 23:00:00,4.6160000000000005
dqa331kq4u.example.com,1900-01-01 00:00:00,11.842142857142857
dqa331kq4u.example.com,1900-01-01 01:00:00,5.003333333333333
dqa331kq4u.example.com,1900-01-01 02:00:00,3.0833333333333335
dqa331kq4u.example.com,1900-01-01 03:00:00,20.124000000000002
dqa331kq4u.example.com,1900-01-01 04:00:00,6.422
dqa331kq4u.example.com,1900-01-01 05:00:00,10.3
dqa331kq4u.example.com,1900-01-01 06:00:00,10.98
dqa331kq4u.example.com,1900-01-01 07:00:00,11.232000000000001
dqa331kq4u.example.com,1900-01-01 08:00:00,6.976000000000001
dqa331kq4u.example.com,1900-01-01 09:00:00,9.715000000000002
dqa331kq4u.example.com,1900-01-01 10:00:00,7.355
dqa331kq4u.example.com,1900-01-01 11:00:00,9.4225
dqa331kq4u.example.com,1900-01-01 12:00:00,10.549999999999999
dqa331kq4u.example.com,1900-01-01 13:00:00,10.746875000000001
dqa331kq4u.example.com,1900-01-01 14:00:00,9.503888888888888
dqa331kq4u.example.com,1900-01-01 15:00:00,10.292352941176471
dqa331kq4u.example.com,1900-01-01 16:00:00,9.085384615384616
dqa331kq4u.example.com,1900-01-01 17:00:00,9.567777777777778
dqa331kq4u.example.com,1900-01-01 18:00:00,11.169411764705883
dqa331kq4u.example.com,1900-01-01 19:00:00,10.3725
dqa331kq4u.example.com,1900-01-01 20:00:00,10.534375
dqa331kq4u.example.com,1900-01-01 21:00:00,9.17357142857143
dqa331kq4u.example.com,1900-01-01 22:00:00,11.003333333333334
dqa331kq4u.example.com,1900-01-01 23:00:00,7.705555555555555
e21p71ti2b.example.com,1900-01-01 00:00:00,0.5416666666666666
e21p71ti2b.example.com,1900-01-01 01:00:00,0.20272727272727273
e21p71ti2b.example.com,1900-01-01 02:00:00,0.20000000000000004
e21p71ti2b.example.com,1900-01-01 03:00:00,4.0360000000000005
e21p71ti2b.example.com,1900-01-01 04:00:00,0.41111111111111115
e21p71ti2b.example.com,1900-01-01 05:00:00,0.5625
e21p71ti2b.example.com,1900-01-01 06:00:00,0.43600000000000005
e21p71ti2b.example.com,1900-01-01 07:00:00,0.3688888888888889
e21p71ti2b.example.com,1900-01-01 08:00:00,0.10000000000000002
e21p71ti2b.example.com,1900-01-01 21:00:00,0.26
e21p71ti2b.example.com,1900-01-01 22:00:00,0.4846666666666667
e21p71ti2b.example.com,1900-01-01 23:00:00,0.89
elc4h9i1vz.example.com,1900-01-01 00:00:00,16.90029411764706
elc4h9i1vz.example.com,1900-01-01 01:00:00,8.599444444444444
elc4h9i1vz.example.com,1900-01-01 02:00:00,7.214444444444444
elc4h9i1vz.example.com,1900-01-01 03:00:00,6.843
elc4h9i1vz.example.com,1900-01-01 04:00:00,9.212592592592593
elc4h9i1vz.example.com,1900-01-01 05:00:00,8.113333333333333
elc4h9i1vz.example.com,1900-01-01 06:00:00,7.93448275862069
elc4h9i1vz.example.com,1900-01-01 07:00:00,9.905999999999999
elc4h9i1vz.example.com,1900-01-01 08:00:00,8.645517241379311
elc4h9i1vz.example.com,1900-01-01 09:00:00,8.735161290322582
elc4h9i1vz.example.com,1900-01-01 10:00:00,13.027222222222223
elc4h9i1vz.example.com,1900-01-01 11:00:00,13.833793103448276
elc4h9i1vz.example.com,1900-01-01 12:00:00,12.203939393939395
elc4h9i1vz.example.com,1900-01-01 13:00:00,12.78048387096774
elc4h9i1vz.example.com,1900-01-01 14:00:00,12.346825396825396
elc4h9i1vz.example.com,1900-01-01 15:00:00,16.136666666666667
elc4h9i1vz.example.com,1900-01-01 16:00:00,13.91734693877551
elc4h9i1vz.example.com,1900-01-01 17:00:00,8.86
elc4h9i1vz.example.com,1900-01-01 18:00:00,10.67
elc4h9i1vz.example.com,1900-01-01 19:00:00,8.089782608695652
elc4h9i1vz.example.com,1900-01-01 20:00:00,7.9902
elc4h9i1vz.example.com,1900-01-01 21:00:00,7.637045454545455
elc4h9i1vz.example.com,1900-01-01 22:00:00,8.826190476190476
elc4h9i1vz.example.com,1900-01-01 23:00:00,7.989354838709677
f8660cg9dt.example.com,1900-01-01 00:00:00,2.826538461538462
f8660cg9dt.example.com,1900-01-01 01:00:00,0.4022222222222222
f8660cg9dt.example.com,1900-01-01 02:00:00,0.575
f8660cg9dt.example.com,1900-01-01 03:00:00,0.9375
f8660cg9dt.example.com,1900-01-01 04:00:00,2.4988888888888887
f8660cg9dt.example.com,1900-01-01 05:00:00,1.6695454545454544
f8660cg9dt.example.com,1900-01-01 06:00:00,0.45894736842105266
f8660cg9dt.example.com,1900-01-01 07:00:00,0.4636842105263158
f8660cg9dt.example.com,1900-01-01 08:00:00,0.3166666666666667
f8660cg9dt.example.com,1900-01-01 09:00:00,2.31875
f8660cg9dt.example.com,1900-01-01 10:00:00,0.7067741935483871
f8660cg9dt.example.com,1900-01-01 11:00:00,0.5413043478260869
f8660cg9dt.example.com,1900-01-01 12:00:00,0.5614583333333333
f8660cg9dt.example.com,1900-01-01 13:00:00,2.422033898305085
f8660cg9dt.example.com,1900-01-01 14:00:00,1.0733333333333335
f8660cg9dt.example.com,1900-01-01 15:00:00,0.5197435897435897
f8660cg9dt.example.com,1900-01-01 16:00:00,0.5679487179487179
f8660cg9dt.example.com,1900-01-01 17:00:00,0.3464705882352941
f8660cg9dt.example.com,1900-01-01 18:00:00,0.43
f8660cg9dt.example.com,1900-01-01 19:00:00,0.44625
f8660cg9dt.example.com,1900-01-01 20:00:00,2.3294444444444444
f8660cg9dt.example.com,1900-01-01 21:00:00,0.58
f8660cg9dt.example.com,1900-01-01 22:00:00,0.3541666666666667
f8660cg9dt.example.com,1900-01-01 23:00:00,2.791153846153846
f9331yazk8.example.com,1900-01-01 00:00:00,5.736000000000001
f9331yazk8.example.com,1900-01-01 01:00:00,2.1871428571428573
f9331yazk8.example.com,1900-01-01 02:00:00,5.559473684210526
f9331yazk8.example.com,1900-01-01 03:00:00,1.39
f9331yazk8.example.com,1900-01-01 04:00:00,1.4029411764705884
f9331yazk8.example.com,1900-01-01 05:00:00,1.3573333333333333
f9331yazk8.example.com,1900-01-01 06:00:00,1.4857142857142858
f9331yazk8.example.com,1900-01-01 07:00:00,1.575
f9331yazk8.example.com,1900-01-01 08:00:00,1.40625
f9331yazk8.example.com,1900-01-01 09:00:00,1.255
f9331yazk8.example.com,1900-01-01 21:00:00,7.91
f9331yazk8.example.com,1900-01-01 22:00:00,8.181176470588236
f9331yazk8.example.com,1900-01-01 23:00:00,7.550666666666666
g53077658c.example.com,1900-01-01 00:00:00,0.7484615384615385
g53077658c.example.com,1900-01-01 01:00:00,0.762
g53077658c.example.com,1900-01-01 02:00:00,0.8204761904761905
g53077658c.example.com,1900-01-01 03:00:00,3.1179166666666664
g53077658c.example.com,1900-01-01 04:00:00,0.49947368421052635
g53077658c.example.com,1900-01-01 05:00:00,0.8778947368421053
g53077658c.example.com,1900-01-01 06:00:00,1.0494736842105263
g53077658c.example.com,1900-01-01 07:00:00,2.2894444444444444
g53077658c.example.com,1900-01-01 08:00:00,0.6615
g53077658c.example.com,1900-01-01 09:00:00,3.0105
g53077658c.example.com,1900-01-01 10:00:00,0.624
g53077658c.example.com,1900-01-01 11:00:00,0.3644117647058824
g53077658c.example.com,1900-01-01 12:00:00,0.7158823529411764
g53077658c.example.com,1900-01-01 13:00:00,1.8599999999999999
g53077658c.example.com,1900-01-01 14:00:00,0.5274193548387097
g53077658c.example.com,1900-01-01 15:00:00,4.262307692307692
g53077658c.example.com,1900-01-01 16:00:00,0.5433333333333334
g53077658c.example.com,1900-01-01 17:00:00,0.6133333333333334
g53077658c.example.com,1900-01-01 18:00:00,0.38999999999999996
g53077658c.example.com,1900-01-01 19:00:00,3.7824999999999998
g53077658c.example.com,1900-01-01 20:00:00,0.7266666666666667
g53077658c.example.com,1900-01-01 21:00:00,0.5571428571428572
g53077658c.example.com,1900-01-01 22:00:00,0.87
g53077658c.example.com,1900-01-01 23:00:00,1.0446153846153847
h8821wfs83.example.com,1900-01-01 00:00:00,0.20076923076923076
h8821wfs83.example.com,1900-01-01 01:00:00,0.2841666666666667
h8821wfs83.example.com,1900-01-01 02:00:00,0.35333333333333333
h8821wfs83.example.com,1900-01-01 03:00:00,0.195
h8821wfs83.example.com,1900-01-01 04:00:00,0.23692307692307693
h8821wfs83.example.com,1900-01-01 05:00:00,0.158
h8821wfs83.example.com,1900-01-01 06:00:00,0.17500000000000002
h8821wfs83.example.com,1900-01-01 07:00:00,0.18571428571428572
h8821wfs83.example.com,1900-01-01 08:00:00,0.38571428571428573
h8821wfs83.example.com,1900-01-01 09:00:00,0.222
h8821wfs83.example.com,1900-01-01 10:00:00,0.3071428571428571
h8821wfs83.example.com,1900-01-01 11:00:00,1.89125
h8821wfs83.example.com,1900-01-01 12:00:00,0.22357142857142856
h8821wfs83.example.com,1900-01-01 13:00:00,0.20500000000000002
h8821wfs83.example.com,1900-01-01 14:00:00,0.23933333333333331
h8821wfs83.example.com,1900-01-01 21:00:00,0.1325
h8821wfs83.example.com,1900-01-01 22:00:00,0.245
h8821wfs83.example.com,1900-01-01 23:00:00,2.0907142857142857
i4z2k5s585.example.com,1900-01-01 00:00:00,0.8925
i4z2k5s585.example.com,1900-01-01 04:00:00,11.47
i4z2k5s585.example.com,1900-01-01 05:00:00,0.6358333333333334
i4z2k5s585.example.com,1900-01-01 06:00:00,0.9171428571428571
i4z2k5s585.example.com,1900-01-01 07:00:00,0.5283333333333333
i4z2k5s585.example.com,1900-01-01 08:00:00,0.513
i4z2k5s585.example.com,1900-01-01 09:00:00,0.52
i4z2k5s585.example.com,1900-01-01 23:00:00,4.658571428571428
i563eh17wa.example.com,1900-01-01 00:00:00,0.4722727272727273
i563eh17wa.example.com,1900-01-01 01:00:00,0.07653846153846154
i563eh17wa.example.com,1900-01-01 02:00:00,0.06137931034482759
i563eh17wa.example.com,1900-01-01 03:00:00,0.05958333333333333
i563eh17wa.example.com,1900-01-01 04:00:00,0.09541666666666666
i563eh17wa.example.com,1900-01-01 05:00:00,0.08454545454545455
i563eh17wa.example.com,1900-01-01 06:00:00,0.15280000000000002
i563eh17wa.example.com,1900-01-01 07:00:00,0.086
i563eh17wa.example.com,1900-01-01 08:00:00,0.08851851851851852
i563eh17wa.example.com,1900-01-01 09:00:00,0.08199999999999999
i563eh17wa.example.com,1900-01-01 10:00:00,0.0884375
i563eh17wa.example.com,1900-01-01 11:00:00,0.078
i563eh17wa.example.com,1900-01-01 12:00:00,0.06729166666666667
i563eh17wa.example.com,1900-01-01 13:00:00,0.06415094339622641
i563eh17wa.example.com,1900-01-01 14:00:00,0.0602
i563eh17wa.example.com,1900-01-01 15:00:00,0.05620689655172413
i563eh17wa.example.com,1900-01-01 16:00:00,0.06806451612903225
i563eh17wa.example.com,1900-01-01 17:00:00,0.08066666666666666
i563eh17wa.example.com,1900-01-01 18:00:00,0.0446875
i563eh17wa.example.com,1900-01-01 19:00:00,0.06806451612903225
i563eh17wa.example.com,1900-01-01 20:00:00,0.06161290322580645
i563eh17wa.example.com,1900-01-01 21:00:00,0.05724137931034483
i563eh17wa.example.com,1900-01-01 22:00:00,0.05035714285714286
i563eh17wa.example.com,1900-01-01 23:00:00,0.06772727272727273
jj26zaw9bo.example.com,1900-01-01 00:00:00,0.647741935483871
jj26zaw9bo.example.com,1900-01-01 01:00:00,0.8729729729729729
jj26zaw9bo.example.com,1900-01-01 02:00:00,0.5327777777777778
jj26zaw9bo.example.com,1900-01-01 03:00:00,0.9106666666666666
jj26zaw9bo.example.com,1900-01-01 04:00:00,0.784
jj26zaw9bo.example.com,1900-01-01 05:00:00,0.7753571428571429
jj26zaw9bo.example.com,1900-01-01 06:00:00,3.117419354838709
jj26zaw9bo.example.com,1900-01-01 07:00:00,0.7785714285714286
jj26zaw9bo.example.com,1900-01-01 08:00:00,0.6089655172413793
jj26zaw9bo.example.com,1900-01-01 09:00:00,1.383529411764706
jj26zaw9bo.example.com,1900-01-01 10:00:00,0.6592682926829269
jj26zaw9bo.example.com,1900-01-01 11:00:00,0.537704918032787
jj26zaw9bo.example.com,1900-01-01 12:00:00,2.247076923076923
jj26zaw9bo.example.com,1900-01-01 13:00:00,0.79
jj26zaw9bo.example.com,1900-01-01 14:00:00,0.6098412698412699
jj26zaw9bo.example.com,1900-01-01 15:00:00,0.6067346938775511
jj26zaw9bo.example.com,1900-01-01 16:00:00,1.12225
jj26zaw9bo.example.com,1900-01-01 17:00:00,1.7756521739130435
jj26zaw9bo.example.com,1900-01-01 18:00:00,0.9972
jj26zaw9bo.example.com,1900-01-01 19:00:00,0.607872340425532
jj26zaw9bo.example.com,1900-01-01 20:00:00,2.7766
jj26zaw9bo.example.com,1900-01-01 21:00:00,0.6748000000000001
jj26zaw9bo.example.com,1900-01-01 22:00:00,0.6225
jj26zaw9bo.example.com,1900-01-01 23:00:00,2.0637931034482757
kp27n9w921.example.com,1900-01-01 00:00:00,0.5023076923076923
kp27n9w921.example.com,1900-01-01 01:00:00,0.8880000000000001
kp27n9w921.example.com,1900-01-01 02:00:00,0.25
kp27n9w921.example.com,1900-01-01 03:00:00,0.6719999999999999
kp27n9w921.example.com,1900-01-01 04:00:00,0.4175
kp27n9w921.example.com,1900-01-01 05:00:00,0.53
kp27n9w921.example.com,1900-01-01 06:00:00,0.492
kp27n9w921.example.com,1900-01-01 07:00:00,0.35600000000000004
kp27n9w921.example.com,1900-01-01 08:00:00,1.072
kp27n9w921.example.com,1900-01-01 09:00:00,0.49666666666666665
kp27n9w921.example.com,1900-01-01 10:00:00,4.4511111111111115
kp27n9w921.example.com,1900-01-01 11:00:00,0.42894736842105263
kp27n9w921.example.com,1900-01-01 12:00:00,2.5917391304347825
kp27n9w921.example.com,1900-01-01 13:00:00,0.9822727272727273
kp27n9w921.example.com,1900-01-01 14:00:00,0.49863636363636366
kp27n9w921.example.com,1900-01-01 15:00:00,0.5761904761904761
kp27n9w921.example.com,1900-01-01 16:00:00,0.32666666666666666
kp27n9w921.example.com,1900-01-01 17:00:00,0.2664705882352941
kp27n9w921.example.com,1900-01-01 18:00:00,0.8737499999999999
kp27n9w921.example.com,1900-01-01 19:00:00,0.22611111111111112
kp27n9w921.example.com,1900-01-01 20:00:00,0.1775
kp27n9w921.example.com,1900-01-01 21:00:00,2.1655
kp27n9w921.example.com,1900-01-01 22:00:00,1.3311764705882352
kp27n9w921.example.com,1900-01-01 23:00:00,0.255
lw6mq37163.example.com,1900-01-01 00:00:00,0.4768421052631579
lw6mq37163.example.com,1900-01-01 01:00:00,0.2611111111111111
lw6mq37163.example.com,1900-01-01 02:00:00,0.24639999999999998
lw6mq37163.example.com,1900-01-01 03:00:00,0.188
lw6mq37163.example.com,1900-01-01 04:00:00,0.11411764705882353
lw6mq37163.example.com,1900-01-01 05:00:00,0.13071428571428573
lw6mq37163.example.com,1900-01-01 06:00:00,0.141875
lw6mq37163.example.com,1900-01-01 07:00:00,0.1523529411764706
lw6mq37163.example.com,1900-01-01 08:00:00,0.1280952380952381
lw6mq37163.example.com,1900-01-01 09:00:00,0.16363636363636364
lw6mq37163.example.com,1900-01-01 10:00:00,0.15125000000000002
lw6mq37163.example.com,1900-01-01 11:00:00,0.1402439024390244
lw6mq37163.example.com,1900-01-01 12:00:00,0.14485714285714288
lw6mq37163.example.com,1900-01-01 13:00:00,0.17146341463414635
lw6mq37163.example.com,1900-01-01 14:00:00,0.15142857142857144
lw6mq37163.example.com,1900-01-01 15:00:00,0.051428571428571435
lw6mq37163.example.com,1900-01-01 16:00:00,0.2576470588235294
lw6mq37163.example.com,1900-01-01 17:00:00,0.05272727272727273
lw6mq37163.example.com,1900-01-01 18:00:00,0.041249999999999995
lw6mq37163.example.com,1900-01-01 19:00:00,0.1226086956521739
lw6mq37163.example.com,1900-01-01 20:00:00,0.05318181818181818
lw6mq37163.example.com,1900-01-01 21:00:00,0.0990909090909091
lw6mq37163.example.com,1900-01-01 22:00:00,0.2236
lw6mq37163.example.com,1900-01-01 23:00:00,0.2009090909090909
lxkb5ebz3w.example.com,1900-01-01 00:00:00,0.6125
lxkb5ebz3w.example.com,1900-01-01 01:00:00,0.455
lxkb5ebz3w.example.com,1900-01-01 02:00:00,0.37
lxkb5ebz3w.example.com,1900-01-01 03:00:00,0.48052631578947375
lxkb5ebz3w.example.com,1900-01-01 04:00:00,0.44333333333333336
lxkb5ebz3w.example.com,1900-01-01 05:00:00,0.460625
lxkb5ebz3w.example.com,1900-01-01 06:00:00,0.36125
lxkb5ebz3w.example.com,1900-01-01 07:00:00,0.4136842105263158
lxkb5ebz3w.example.com,1900-01-01 08:00:00,0.8106666666666666
lxkb5ebz3w.example.com,1900-01-01 09:00:00,0.36714285714285716
lxkb5ebz3w.example.com,1900-01-01 10:00:00,3.822941176470588
lxkb5ebz3w.example.com,1900-01-01 11:00:00,0.6175999999999999
lxkb5ebz3w.example.com,1900-01-01 12:00:00,0.3576
lxkb5ebz3w.example.com,1900-01-01 13:00:00,0.7637037037037038
lxkb5ebz3w.example.com,1900-01-01 14:00:00,0.47413793103448276
lxkb5ebz3w.example.com,1900-01-01 15:00:00,0.48466666666666663
lxkb5ebz3w.example.com,1900-01-01 16:00:00,4.043333333333334
lxkb5ebz3w.example.com,1900-01-01 17:00:00,0.30833333333333335
lxkb5ebz3w.example.com,1900-01-01 18:00:00,0.63
lxkb5ebz3w.example.com,1900-01-01 19:00:00,0.321
lxkb5ebz3w.example.com,1900-01-01 20:00:00,0.512
lxkb5ebz3w.example.com,1900-01-01 21:00:00,4.17
lxkb5ebz3w.example.com,1900-01-01 22:00:00,0.8573333333333334
lxkb5ebz3w.example.com,1900-01-01 23:00:00,1.4466666666666665
n1zr00bg71.example.com,1900-01-01 00:00:00,0.269
n1zr00bg71.example.com,1900-01-01 01:00:00,1.0225
n1zr00bg71.example.com,1900-01-01 02:00:00,20.883333333333333
n1zr00bg71.example.com,1900-01-01 03:00:00,0.1475
n1zr00bg71.example.com,1900-01-01 04:00:00,0.275
n1zr00bg71.example.com,1900-01-01 05:00:00,0.3875
n1zr00bg71.example.com,1900-01-01 06:00:00,0.18000000000000002
n1zr00bg71.example.com,1900-01-01 07:00:00,0.3566666666666667
n1zr00bg71.example.com,1900-01-01 08:00:00,0.21200000000000002
n1zr00bg71.example.com,1900-01-01 09:00:00,0.02
n1zr00bg71.example.com,1900-01-01 10:00:00,0.136
n1zr00bg71.example.com,1900-01-01 11:00:00,3.63
n1zr00bg71.example.com,1900-01-01 12:00:00,0.5076923076923078
n1zr00bg71.example.com,1900-01-01 13:00:00,4.36090909090909
n1zr00bg71.example.com,1900-01-01 14:00:00,0.42363636363636364
n1zr00bg71.example.com,1900-01-01 15:00:00,0.45
n1zr00bg71.example.com,1900-01-01 16:00:00,3.716666666666667
n1zr00bg71.example.com,1900-01-01 17:00:00,0.32769230769230767
n1zr00bg71.example.com,1900-01-01 18:00:00,0.43846153846153846
n1zr00bg71.example.com,1900-01-01 19:00:00,0.6592857142857144
n1zr00bg71.example.com,1900-01-01 20:00:00,0.5592857142857143
n1zr00bg71.example.com,1900-01-01 21:00:00,0.5878571428571429
n1zr00bg71.example.com,1900-01-01 22:00:00,0.48
n1zr00bg71.example.com,1900-01-01 23:00:00,0.35
o9q2fe230w.example.com,1900-01-01 00:00:00,0.67025
o9q2fe230w.example.com,1900-01-01 01:00:00,0.6086486486486486
o9q2fe230w.example.com,1900-01-01 02:00:00,0.6243243243243244
o9q2fe230w.example.com,1900-01-01 03:00:00,0.64
o9q2fe230w.example.com,1900-01-01 04:00:00,0.5976470588235294
o9q2fe230w.example.com,1900-01-01 05:00:00,0.5427272727272727
o9q2fe230w.example.com,1900-01-01 06:00:00,0.6496666666666666
o9q2fe230w.example.com,1900-01-01 07:00:00,0.706060606060606
o9q2fe230w.example.com,1900-01-01 08:00:00,0.5508823529411765
o9q2fe230w.example.com,1900-01-01 09:00:00,0.643125
o9q2fe230w.example.com,1900-01-01 10:00:00,0.6410416666666666
o9q2fe230w.example.com,1900-01-01 11:00:00,0.591125
o9q2fe230w.example.com,1900-01-01 12:00:00,0.6092307692307692
o9q2fe230w.example.com,1900-01-01 13:00:00,0.6058620689655172
o9q2fe230w.example.com,1900-01-01 14:00:00,0.5666666666666667
o9q2fe230w.example.com,1900-01-01 15:00:00,0.6027941176470588
o9q2fe230w.example.com,1900-01-01 16:00:00,0.7287878787878788
o9q2fe230w.example.com,1900-01-01 17:00:00,0.657878787878788
o9q2fe230w.example.com,1900-01-01 18:00:00,0.6656716417910448
o9q2fe230w.example.com,1900-01-01 19:00:00,0.5792424242424242
o9q2fe230w.example.com,1900-01-01 20:00:00,0.6271212121212121
o9q2fe230w.example.com,1900-01-01 21:00:00,0.7045312499999999
o9q2fe230w.example.com,1900-01-01 22:00:00,0.5961904761904763
o9q2fe230w.example.com,1900-01-01 23:00:00,0.6559574468085106
obc27l4ab7.example.com,1900-01-01 00:00:00,0.6814285714285714
obc27l4ab7.example.com,1900-01-01 01:00:00,5.7105263157894735
obc27l4ab7.example.com,1900-01-01 02:00:00,0.3842857142857143
obc27l4ab7.example.com,1900-01-01 03:00:00,0.4971428571428571
obc27l4ab7.example.com,1900-01-01 04:00:00,0.4683333333333333
obc27l4ab7.example.com,1900-01-01 05:00:00,0.31799999999999995
obc27l4ab7.example.com,1900-01-01 06:00:00,0.5989473684210527
obc27l4ab7.example.com,1900-01-01 07:00:00,1.6620000000000001
obc27l4ab7.example.com,1900-01-01 08:00:00,0.631764705882353
obc27l4ab7.example.com,1900-01-01 09:00:00,0.55
obc27l4ab7.example.com,1900-01-01 10:00:00,3.2223809523809526
obc27l4ab7.example.com,1900-01-01 11:00:00,0.48607142857142854
obc27l4ab7.example.com,1900-01-01 12:00:00,0.5760000000000001
obc27l4ab7.example.com,1900-01-01 13:00:00,0.548125
obc27l4ab7.example.com,1900-01-01 14:00:00,0.538
obc27l4ab7.example.com,1900-01-01 15:00:00,0.5778947368421052
obc27l4ab7.example.com,1900-01-01 16:00:00,0.362
obc27l4ab7.example.com,1900-01-01 17:00:00,0.49294117647058827
obc27l4ab7.example.com,1900-01-01 18:00:00,0.43999999999999995
obc27l4ab7.example.com,1900-01-01 19:00:00,2.3099999999999996
obc27l4ab7.example.com,1900-01-01 20:00:00,5.6911764705882355
obc27l4ab7.example.com,1900-01-01 21:00:00,0.21857142857142858
obc27l4ab7.example.com,1900-01-01 22:00:00,0.6593333333333333
obc27l4ab7.example.com,1900-01-01 23:00:00,0.3491666666666666
p3jw069lt3.example.com,1900-01-01 00:00:00,1.9315789473684213
p3jw069lt3.example.com,1900-01-01 01:00:00,2.1621052631578945
p3jw069lt3.example.com,1900-01-01 02:00:00,3.873333333333333
p3jw069lt3.example.com,1900-01-01 03:00:00,10.266764705882352
p3jw069lt3.example.com,1900-01-01 04:00:00,4.41969696969697
p3jw069lt3.example.com,1900-01-01 05:00:00,4.6465625
p3jw069lt3.example.com,1900-01-01 06:00:00,7.715454545454545
p3jw069lt3.example.com,1900-01-01 07:00:00,8.758333333333333
p3jw069lt3.example.com,1900-01-01 08:00:00,7.3009375
p3jw069lt3.example.com,1900-01-01 09:00:00,10.439705882352941
p3jw069lt3.example.com,1900-01-01 10:00:00,8.387906976744187
p3jw069lt3.example.com,1900-01-01 11:00:00,5.429130434782609
p3jw069lt3.example.com,1900-01-01 12:00:00,6.00774647887324
p3jw069lt3.example.com,1900-01-01 13:00:00,6.137532467532467
p3jw069lt3.example.com,1900-01-01 14:00:00,6.044657534246575
p3jw069lt3.example.com,1900-01-01 15:00:00,1.341578947368421
p3jw069lt3.example.com,1900-01-01 16:00:00,1.998909090909091
p3jw069lt3.example.com,1900-01-01 17:00:00,2.2545454545454544
p3jw069lt3.example.com,1900-01-01 18:00:00,1.181132075471698
p3jw069lt3.example.com,1900-01-01 19:00:00,2.014423076923077
p3jw069lt3.example.com,1900-01-01 20:00:00,2.1447058823529415
p3jw069lt3.example.com,1900-01-01 21:00:00,1.5020833333333332
p3jw069lt3.example.com,1900-01-01 22:00:00,3.593877551020408
p3jw069lt3.example.com,1900-01-01 23:00:00,4.8890625
pb19q598sp.example.com,1900-01-01 00:00:00,2.1732
pb19q598sp.example.com,1900-01-01 01:00:00,1.173529411764706
pb19q598sp.example.com,1900-01-01 02:00:00,1.1945833333333333
pb19q598sp.example.com,1900-01-01 03:00:00,0.9572727272727272
pb19q598sp.example.com,1900-01-01 04:00:00,0.7490476190476191
pb19q598sp.example.com,1900-01-01 05:00:00,1.703
pb19q598sp.example.com,1900-01-01 06:00:00,1.6423809523809525
pb19q598sp.example.com,1900-01-01 07:00:00,1.6295238095238094
pb19q598sp.example.com,1900-01-01 08:00:00,1.7171428571428573
pb19q598sp.example.com,1900-01-01 09:00:00,1.6766666666666667
pb19q598sp.example.com,1900-01-01 10:00:00,2.265217391304348
pb19q598sp.example.com,1900-01-01 11:00:00,3.9560000000000004
pb19q598sp.example.com,1900-01-01 12:00:00,3.0504347826086957
pb19q598sp.example.com,1900-01-01 13:00:00,2.4252380952380954
pb19q598sp.example.com,1900-01-01 14:00:00,3.259111111111111
pb19q598sp.example.com,1900-01-01 15:00:00,3.3207692307692307
pb19q598sp.example.com,1900-01-01 16:00:00,1.6824000000000001
pb19q598sp.example.com,1900-01-01 17:00:00,3.149655172413793
pb19q598sp.example.com,1900-01-01 18:00:00,3.8160000000000003
pb19q598sp.example.com,1900-01-01 19:00:00,3.1557692307692307
pb19q598sp.example.com,1900-01-01 20:00:00,3.191111111111111
pb19q598sp.example.com,1900-01-01 21:00:00,2.4506896551724138
pb19q598sp.example.com,1900-01-01 22:00:00,2.0576923076923075
pb19q598sp.example.com,1900-01-01 23:00:00,2.3664516129032256
t23kn15n9k.example.com,1900-01-01 00:00:00,0.43920000000000003
t23kn15n9k.example.com,1900-01-01 01:00:00,0.7291666666666666
t23kn15n9k.example.com,1900-01-01 02:00:00,0.9029166666666666
t23kn15n9k.example.com,1900-01-01 03:00:00,0.7895652173913044
t23kn15n9k.example.com,1900-01-01 04:00:00,0.7017391304347826
t23kn15n9k.example.com,1900-01-01 05:00:00,0.8328571428571427
t23kn15n9k.example.com,1900-01-01 06:00:00,1.451904761904762
t23kn15n9k.example.com,1900-01-01 07:00:00,0.9235714285714286
t23kn15n9k.example.com,1900-01-01 08:00:00,0.7979310344827586
t23kn15n9k.example.com,1900-01-01 09:00:00,0.8411111111111111
t23kn15n9k.example.com,1900-01-01 10:00:00,0.701764705882353
t23kn15n9k.example.com,1900-01-01 11:00:00,0.7051923076923077
t23kn15n9k.example.com,1900-01-01 12:00:00,1.792909090909091
t23kn15n9k.example.com,1900-01-01 13:00:00,0.6822033898305084
t23kn15n9k.example.com,1900-01-01 14:00:00,1.0933333333333333
t23kn15n9k.example.com,1900-01-01 15:00:00,0.5264864864864865
t23kn15n9k.example.com,1900-01-01 16:00:00,1.0839473684210528
t23kn15n9k.example.com,1900-01-01 17:00:00,0.43621621621621626
t23kn15n9k.example.com,1900-01-01 18:00:00,0.9718421052631578
t23kn15n9k.example.com,1900-01-01 19:00:00,0.536578947368421
t23kn15n9k.example.com,1900-01-01 20:00:00,0.5225
t23kn15n9k.example.com,1900-01-01 21:00:00,0.9235135135135135
t23kn15n9k.example.com,1900-01-01 22:00:00,0.4511764705882353
t23kn15n9k.example.com,1900-01-01 23:00:00,1.8137499999999998
tq0sg60prf.example.com,1900-01-01 00:00:00,1.39
tq0sg60prf.example.com,1900-01-01 01:00:00,1.2625
tq0sg60prf.example.com,1900-01-01 02:00:00,1.2971428571428572
tq0sg60prf.example.com,1900-01-01 03:00:00,1.1133333333333333
tq0sg60prf.example.com,1900-01-01 04:00:00,1.0433333333333332
tq0sg60prf.example.com,1900-01-01 05:00:00,0.836
tq0sg60prf.example.com,1900-01-01 06:00:00,11.504
tq0sg60prf.example.com,1900-01-01 07:00:00,1.1883333333333332
tq0sg60prf.example.com,1900-01-01 08:00:00,1.0842857142857143
tq0sg60prf.example.com,1900-01-01 09:00:00,1.28
tq0sg60prf.example.com,1900-01-01 10:00:00,0.7190000000000001
tq0sg60prf.example.com,1900-01-01 11:00:00,0.9952941176470589
tq0sg60prf.example.com,1900-01-01 12:00:00,1.2825
tq0sg60prf.example.com,1900-01-01 13:00:00,1.2211764705882353
tq0sg60prf.example.com,1900-01-01 14:00:00,0.9317647058823529
tq0sg60prf.example.com,1900-01-01 15:00:00,5.448235294117647
tq0sg60prf.example.com,1900-01-01 16:00:00,0.9541176470588235
tq0sg60prf.example.com,1900-01-01 17:00:00,0.465
tq0sg60prf.example.com,1900-01-01 18:00:00,0.9373333333333334
tq0sg60prf.example.com,1900-01-01 19:00:00,1.3929411764705881
tq0sg60prf.example.com,1900-01-01 20:00:00,0.8260000000000001
tq0sg60prf.example.com,1900-01-01 21:00:00,4.191333333333334
tq0sg60prf.example.com,1900-01-01 22:00:00,0.9641176470588235
tq0sg60prf.example.com,1900-01-01 23:00:00,0.8789999999999999
uzn0t6y9fi.example.com,1900-01-01 00:00:00,0.627
uzn0t6y9fi.example.com,1900-01-01 01:00:00,0.7181578947368421
uzn0t6y9fi.example.com,1900-01-01 02:00:00,0.6547222222222222
uzn0t6y9fi.example.com,1900-01-01 03:00:00,0.7485294117647059
uzn0t6y9fi.example.com,1900-01-01 04:00:00,0.7378787878787879
uzn0t6y9fi.example.com,1900-01-01 05:00:00,0.6327272727272727
uzn0t6y9fi.example.com,1900-01-01 06:00:00,0.7278125
uzn0t6y9fi.example.com,1900-01-01 07:00:00,0.7540625
uzn0t6y9fi.example.com,1900-01-01 08:00:00,0.7424242424242424
uzn0t6y9fi.example.com,1900-01-01 09:00:00,0.7578787878787879
uzn0t6y9fi.example.com,1900-01-01 10:00:00,0.7947826086956522
uzn0t6y9fi.example.com,1900-01-01 11:00:00,0.7382278481012658
uzn0t6y9fi.example.com,1900-01-01 12:00:00,0.7407317073170732
uzn0t6y9fi.example.com,1900-01-01 13:00:00,0.7712643678160919
uzn0t6y9fi.example.com,1900-01-01 14:00:00,0.7071264367816091
uzn0t6y9fi.example.com,1900-01-01 15:00:00,0.7586764705882353
uzn0t6y9fi.example.com,1900-01-01 16:00:00,0.7525000000000001
uzn0t6y9fi.example.com,1900-01-01 17:00:00,0.7561194029850746
uzn0t6y9fi.example.com,1900-01-01 18:00:00,0.6740298507462688
uzn0t6y9fi.example.com,1900-01-01 19:00:00,0.6904615384615385
uzn0t6y9fi.example.com,1900-01-01 20:00:00,0.6996969696969697
uzn0t6y9fi.example.com,1900-01-01 21:00:00,0.78578125
uzn0t6y9fi.example.com,1900-01-01 22:00:00,0.723125
uzn0t6y9fi.example.com,1900-01-01 23:00:00,0.6745652173913044
v8c0180616.example.com,1900-01-01 00:00:00,0.9733333333333334
v8c0180616.example.com,1900-01-01 01:00:00,1.872121212121212
v8c0180616.example.com,1900-01-01 02:00:00,2.1681250000000003
v8c0180616.example.com,1900-01-01 03:00:00,2.324
v8c0180616.example.com,1900-01-01 04:00:00,0.8099999999999999
v8c0180616.example.com,1900-01-01 05:00:00,2.340333333333333
v8c0180616.example.com,1900-01-01 06:00:00,1.6538461538461537
v8c0180616.example.com,1900-01-01 07:00:00,0.4686206896551724
v8c0180616.example.com,1900-01-01 08:00:00,0.5746153846153846
v8c0180616.example.com,1900-01-01 09:00:00,0.48074074074074075
v8c0180616.example.com,1900-01-01 10:00:00,1.868157894736842
v8c0180616.example.com,1900-01-01 11:00:00,0.455
v8c0180616.example.com,1900-01-01 12:00:00,0.982037037037037
v8c0180616.example.com,1900-01-01 13:00:00,0.5795384615384616
v8c0180616.example.com,1900-01-01 14:00:00,0.6161904761904762
v8c0180616.example.com,1900-01-01 15:00:00,0.4668627450980392
v8c0180616.example.com,1900-01-01 16:00:00,2.3791836734693876
v8c0180616.example.com,1900-01-01 17:00:00,1.621111111111111
v8c0180616.example.com,1900-01-01 18:00:00,0.5568
v8c0180616.example.com,1900-01-01 19:00:00,2.467441860465116
v8c0180616.example.com,1900-01-01 20:00:00,0.8832608695652174
v8c0180616.example.com,1900-01-01 21:00:00,0.5607894736842105
v8c0180616.example.com,1900-01-01 22:00:00,0.53
v8c0180616.example.com,1900-01-01 23:00:00,2.466
y83a5q45dh.example.com,1900-01-01 00:00:00,3.135
y83a5q45dh.example.com,1900-01-01 01:00:00,0.6618518518518519
y83a5q45dh.example.com,1900-01-01 02:00:00,0.49233333333333335
y83a5q45dh.example.com,1900-01-01 03:00:00,0.753
y83a5q45dh.example.com,1900-01-01 04:00:00,0.6188888888888889
y83a5q45dh.example.com,1900-01-01 05:00:00,0.4811111111111111
y83a5q45dh.example.com,1900-01-01 06:00:00,0.37851851851851853
y83a5q45dh.example.com,1900-01-01 07:00:00,2.8148
y83a5q45dh.example.com,1900-01-01 08:00:00,0.67125
y83a5q45dh.example.com,1900-01-01 09:00:00,1.5056666666666667
y83a5q45dh.example.com,1900-01-01 10:00:00,1.2669230769230768
y83a5q45dh.example.com,1900-01-01 11:00:00,1.5044897959183674
y83a5q45dh.example.com,1900-01-01 12:00:00,1.6344642857142857
y83a5q45dh.example.com,1900-01-01 13:00:00,2.261746031746032
y83a5q45dh.example.com,1900-01-01 14:00:00,2.681694915254237
y83a5q45dh.example.com,1900-01-01 15:00:00,4.854893617021276
y83a5q45dh.example.com,1900-01-01 16:00:00,2.7
y83a5q45dh.example.com,1900-01-01 17:00:00,0.9364444444444444
y83a5q45dh.example.com,1900-01-01 18:00:00,6.3089130434782605
y83a5q45dh.example.com,1900-01-01 19:00:00,1.1468181818181817
y83a5q45dh.example.com,1900-01-01 20:00:00,2.2322727272727274
y83a5q45dh.example.com,1900-01-01 21:00:00,2.5611904761904762
y83a5q45dh.example.com,1900-01-01 22:00:00,2.7280434782608696
y83a5q45dh.example.com,1900-01-01 23:00:00,2.4827586206896552
zlc9q3dcp7.example.com,1900-01-01 00:00:00,9.97475
zlc9q3dcp7.example.com,1900-01-01 01:00:00,2.174736842105263
zlc9q3dcp7.example.com,1900-01-01 02:00:00,1.7180555555555557
zlc9q3dcp7.example.com,1900-01-01 03:00:00,11.371764705882352
zlc9q3dcp7.example.com,1900-01-01 04:00:00,18.76
zlc9q3dcp7.example.com,1900-01-01 05:00:00,20.1303125
zlc9q3dcp7.example.com,1900-01-01 06:00:00,22.741333333333333
zlc9q3dcp7.example.com,1900-01-01 07:00:00,22.793030303030303
zlc9q3dcp7.example.com,1900-01-01 08:00:00,9.837714285714286
zlc9q3dcp7.example.com,1900-01-01 09:00:00,4.03939393939394
zlc9q3dcp7.example.com,1900-01-01 10:00:00,2.0240476190476193
zlc9q3dcp7.example.com,1900-01-01 11:00:00,1.8436363636363637
zlc9q3dcp7.example.com,1900-01-01 12:00:00,9.039753086419754
zlc9q3dcp7.example.com,1900-01-01 13:00:00,24.83241379310345
zlc9q3dcp7.example.com,1900-01-01 14:00:00,13.95964705882353
zlc9q3dcp7.example.com,1900-01-01 15:00:00,2.201492537313433
zlc9q3dcp7.example.com,1900-01-01 16:00:00,1.6551470588235293
zlc9q3dcp7.example.com,1900-01-01 17:00:00,1.4662686567164178
zlc9q3dcp7.example.com,1900-01-01 18:00:00,2.06
zlc9q3dcp7.example.com,1900-01-01 19:00:00,2.513582089552239
zlc9q3dcp7.example.com,1900-01-01 20:00:00,1.5549230769230769
zlc9q3dcp7.example.com,1900-01-01 21:00:00,1.7924615384615386
zlc9q3dcp7.example.com,1900-01-01 22:00:00,1.8084126984126982
zlc9q3dcp7.example.com,1900-01-01 23:00:00,8.71404255319149
