host,_time,CPU_95th_Perc
0a1a9r17f6.example.com,1900-01-01 00:00:00,0.6931471805599453
0ot491ub6o.example.com,1900-01-01 00:00:00,0.547267976659459
0ot491ub6o.example.com,1900-01-01 01:00:00,0.5502993997650202
0ot491ub6o.example.com,1900-01-01 02:00:00,0.5344336021682675
0ot491ub6o.example.com,1900-01-01 03:00:00,0.5685270518576705
0ot491ub6o.example.com,1900-01-01 04:00:00,0.5542002427066596
0ot491ub6o.example.com,1900-01-01 05:00:00,0.5072142529773354
0ot491ub6o.example.com,1900-01-01 06:00:00,0.5236352977373503
0ot491ub6o.example.com,1900-01-01 07:00:00,0.537400426288828
0ot491ub6o.example.com,1900-01-01 08:00:00,0.5424729479097842
0ot491ub6o.example.com,1900-01-01 09:00:00,0.5299476535146387
0ot491ub6o.example.com,1900-01-01 10:00:00,0.5544505385086416
0ot491ub6o.example.com,1900-01-01 11:00:00,0.541447114002727
0ot491ub6o.example.com,1900-01-01 12:00:00,0.6175318779180321
0ot491ub6o.example.com,1900-01-01 13:00:00,0.5472386028579997
0ot491ub6o.example.com,1900-01-01 14:00:00,0.6054916309577505
0ot491ub6o.example.com,1900-01-01 15:00:00,0.5721714642212328
0ot491ub6o.example.com,1900-01-01 16:00:00,0.6167930827576492
0ot491ub6o.example.com,1900-01-01 17:00:00,0.5643690560178526
0ot491ub6o.example.com,1900-01-01 18:00:00,0.5715464707312209
0ot491ub6o.example.com,1900-01-01 19:00:00,0.5706612274109398
0ot491ub6o.example.com,1900-01-01 20:00:00,0.5816422757516987
0ot491ub6o.example.com,1900-01-01 21:00:00,0.5381877795338109
0ot491ub6o.example.com,1900-01-01 22:00:00,0.5547246839583225
0ot491ub6o.example.com,1900-01-01 23:00:00,0.5050593631312018
153lt8728s.example.com,1900-01-01 00:00:00,3.2305444214785495
153lt8728s.example.com,1900-01-01 01:00:00,3.2455035264761913
153lt8728s.example.com,1900-01-01 02:00:00,3.296965602085015
153lt8728s.example.com,1900-01-01 03:00:00,3.2377945678189595
153lt8728s.example.com,1900-01-01 04:00:00,3.207008861992502
153lt8728s.example.com,1900-01-01 05:00:00,2.978690969082931
153lt8728s.example.com,1900-01-01 06:00:00,2.7511983111940013
153lt8728s.example.com,1900-01-01 07:00:00,2.6415769531102775
153lt8728s.example.com,1900-01-01 08:00:00,2.7460981525327632
153lt8728s.example.com,1900-01-01 09:00:00,2.750548269576275
153lt8728s.example.com,1900-01-01 10:00:00,2.793817876725935
153lt8728s.example.com,1900-01-01 11:00:00,2.769106613071422
153lt8728s.example.com,1900-01-01 12:00:00,2.742566828955537
153lt8728s.example.com,1900-01-01 13:00:00,2.4788520091476736
153lt8728s.example.com,1900-01-01 14:00:00,2.5610586537854805
153lt8728s.example.com,1900-01-01 15:00:00,3.1748261585562165
153lt8728s.example.com,1900-01-01 16:00:00,3.6238974048999997
153lt8728s.example.com,1900-01-01 17:00:00,3.621106297754059
153lt8728s.example.com,1900-01-01 18:00:00,3.577115220055365
153lt8728s.example.com,1900-01-01 19:00:00,3.630098106729415
153lt8728s.example.com,1900-01-01 20:00:00,3.607381108011058
153lt8728s.example.com,1900-01-01 21:00:00,3.673091674498712
153lt8728s.example.com,1900-01-01 22:00:00,3.645635746612798
153lt8728s.example.com,1900-01-01 23:00:00,3.5975946664820415
180ot7qkoc.example.com,1900-01-01 00:00:00,0.5043109509485886
180ot7qkoc.example.com,1900-01-01 01:00:00,0.2607371897003365
180ot7qkoc.example.com,1900-01-01 02:00:00,0.5005916830283413
180ot7qkoc.example.com,1900-01-01 03:00:00,0.2418094352506546
180ot7qkoc.example.com,1900-01-01 04:00:00,0.5731417414165153
180ot7qkoc.example.com,1900-01-01 05:00:00,0.23226519343636262
180ot7qkoc.example.com,1900-01-01 06:00:00,0.44202779955032534
180ot7qkoc.example.com,1900-01-01 07:00:00,0.43377063512335656
180ot7qkoc.example.com,1900-01-01 08:00:00,0.8543461496409497
180ot7qkoc.example.com,1900-01-01 09:00:00,0.33148726521529776
180ot7qkoc.example.com,1900-01-01 10:00:00,0.2864278897306415
180ot7qkoc.example.com,1900-01-01 11:00:00,0.2745883670938684
180ot7qkoc.example.com,1900-01-01 12:00:00,0.40667615198468937
180ot7qkoc.example.com,1900-01-01 13:00:00,0.36239287352345473
180ot7qkoc.example.com,1900-01-01 14:00:00,0.2919127409357353
180ot7qkoc.example.com,1900-01-01 15:00:00,0.39118831489082084
180ot7qkoc.example.com,1900-01-01 16:00:00,0.3809700060181134
180ot7qkoc.example.com,1900-01-01 17:00:00,0.7084696723704739
180ot7qkoc.example.com,1900-01-01 18:00:00,0.3780983727239237
180ot7qkoc.example.com,1900-01-01 19:00:00,0.22471464087055543
180ot7qkoc.example.com,1900-01-01 20:00:00,0.31822010122086775
180ot7qkoc.example.com,1900-01-01 21:00:00,0.4442431870142892
180ot7qkoc.example.com,1900-01-01 22:00:00,0.20763320087545964
180ot7qkoc.example.com,1900-01-01 23:00:00,0.448121108117442
1cyu1x57x7.example.com,1900-01-01 00:00:00,0.4054651081081644
1e37wa805w.example.com,1900-01-01 00:00:00,0.46782504421828414
1e37wa805w.example.com,1900-01-01 01:00:00,0.303299659668575
1e37wa805w.example.com,1900-01-01 02:00:00,0.3047259694916993
1e37wa805w.example.com,1900-01-01 03:00:00,0.4407206169951334
1e37wa805w.example.com,1900-01-01 04:00:00,0.5372642144333185
1e37wa805w.example.com,1900-01-01 05:00:00,0.2929211175122885
1e37wa805w.example.com,1900-01-01 06:00:00,0.3676812815715521
1e37wa805w.example.com,1900-01-01 07:00:00,0.47953999262961694
1e37wa805w.example.com,1900-01-01 08:00:00,0.27945493958812584
1e37wa805w.example.com,1900-01-01 09:00:00,0.6183660902463183
1e37wa805w.example.com,1900-01-01 10:00:00,0.4524319403641261
1e37wa805w.example.com,1900-01-01 11:00:00,0.3053876961950318
1e37wa805w.example.com,1900-01-01 12:00:00,0.2037114291222099
1e37wa805w.example.com,1900-01-01 13:00:00,0.7642770395184539
1e37wa805w.example.com,1900-01-01 14:00:00,0.328859940923801
1e37wa805w.example.com,1900-01-01 15:00:00,0.265442865651947
1e37wa805w.example.com,1900-01-01 16:00:00,0.3562522389609277
1e37wa805w.example.com,1900-01-01 17:00:00,0.5396092474411424
1e37wa805w.example.com,1900-01-01 18:00:00,0.45153742288435694
1e37wa805w.example.com,1900-01-01 19:00:00,0.20977507781379187
1e37wa805w.example.com,1900-01-01 20:00:00,0.373095223937768
1e37wa805w.example.com,1900-01-01 21:00:00,0.5514699024202013
1e37wa805w.example.com,1900-01-01 22:00:00,0.5261346354944502
1e37wa805w.example.com,1900-01-01 23:00:00,0.3277075306935614
1kzpunn1iw.example.com,1900-01-01 00:00:00,2.2312288155026234
1kzpunn1iw.example.com,1900-01-01 01:00:00,2.2233606481805435
1kzpunn1iw.example.com,1900-01-01 02:00:00,2.225661264354007
1kzpunn1iw.example.com,1900-01-01 03:00:00,2.200193255135161
1kzpunn1iw.example.com,1900-01-01 04:00:00,2.189262418885681
1kzpunn1iw.example.com,1900-01-01 05:00:00,2.1878814217848377
1kzpunn1iw.example.com,1900-01-01 06:00:00,2.130240693324312
1kzpunn1iw.example.com,1900-01-01 07:00:00,2.1122477966136404
1kzpunn1iw.example.com,1900-01-01 08:00:00,2.110770789683845
1kzpunn1iw.example.com,1900-01-01 09:00:00,2.1159132446471087
1kzpunn1iw.example.com,1900-01-01 10:00:00,2.1160829868638675
1kzpunn1iw.example.com,1900-01-01 11:00:00,2.106461249174119
1kzpunn1iw.example.com,1900-01-01 12:00:00,1.8113557071669912
1kzpunn1iw.example.com,1900-01-01 13:00:00,2.0286081289127686
1kzpunn1iw.example.com,1900-01-01 14:00:00,2.0997605093971
1kzpunn1iw.example.com,1900-01-01 15:00:00,2.074812158086195
1kzpunn1iw.example.com,1900-01-01 16:00:00,2.0778846647091047
1kzpunn1iw.example.com,1900-01-01 17:00:00,2.0933816987137828
1kzpunn1iw.example.com,1900-01-01 18:00:00,2.0876778904673556
1kzpunn1iw.example.com,1900-01-01 19:00:00,2.0843572722844135
1kzpunn1iw.example.com,1900-01-01 20:00:00,2.081844499292848
1kzpunn1iw.example.com,1900-01-01 21:00:00,2.1199484268118565
1kzpunn1iw.example.com,1900-01-01 22:00:00,2.081298515113496
1kzpunn1iw.example.com,1900-01-01 23:00:00,2.084591327719287
21553426o4.example.com,1900-01-01 00:00:00,0.07201200163866345
21553426o4.example.com,1900-01-01 01:00:00,0.12882594515749163
21553426o4.example.com,1900-01-01 02:00:00,0.06514326288320099
21553426o4.example.com,1900-01-01 03:00:00,0.1204585646636458
21553426o4.example.com,1900-01-01 04:00:00,0.08319002762960796
21553426o4.example.com,1900-01-01 05:00:00,0.11940848652881389
21553426o4.example.com,1900-01-01 06:00:00,0.07106542968541577
21553426o4.example.com,1900-01-01 07:00:00,0.12360605984399141
21553426o4.example.com,1900-01-01 08:00:00,0.061584619636373066
21553426o4.example.com,1900-01-01 09:00:00,0.06697815774080602
21553426o4.example.com,1900-01-01 10:00:00,0.07112138602964155
21553426o4.example.com,1900-01-01 11:00:00,0.08333280646516762
21553426o4.example.com,1900-01-01 12:00:00,0.0500805782691826
21553426o4.example.com,1900-01-01 13:00:00,0.04889231512063527
21553426o4.example.com,1900-01-01 14:00:00,0.11388826609139671
21553426o4.example.com,1900-01-01 15:00:00,0.06397346316197675
21553426o4.example.com,1900-01-01 16:00:00,0.04296144543422532
21553426o4.example.com,1900-01-01 17:00:00,0.06744557826572008
21553426o4.example.com,1900-01-01 18:00:00,0.059546272629430984
21553426o4.example.com,1900-01-01 19:00:00,0.09579976777262707
21553426o4.example.com,1900-01-01 20:00:00,0.045572590067828364
21553426o4.example.com,1900-01-01 21:00:00,0.05823999577559605
21553426o4.example.com,1900-01-01 22:00:00,0.0503706334477662
21553426o4.example.com,1900-01-01 23:00:00,0.10913263423821211
26n7558qem.example.com,1900-01-01 00:00:00,0.5000584673732344
26n7558qem.example.com,1900-01-01 01:00:00,0.32435740390143575
26n7558qem.example.com,1900-01-01 02:00:00,0.3464464849727489
26n7558qem.example.com,1900-01-01 03:00:00,0.2956069005622906
26n7558qem.example.com,1900-01-01 04:00:00,0.42674971319943816
26n7558qem.example.com,1900-01-01 05:00:00,0.3532140736200438
26n7558qem.example.com,1900-01-01 06:00:00,0.32537490596939644
26n7558qem.example.com,1900-01-01 07:00:00,0.4028242787545386
26n7558qem.example.com,1900-01-01 08:00:00,0.5077055392232586
26n7558qem.example.com,1900-01-01 09:00:00,0.4709272179883012
26n7558qem.example.com,1900-01-01 10:00:00,0.3695979786484745
26n7558qem.example.com,1900-01-01 11:00:00,0.31956192413275236
26n7558qem.example.com,1900-01-01 12:00:00,0.32269397083556833
26n7558qem.example.com,1900-01-01 13:00:00,0.4362386433578453
26n7558qem.example.com,1900-01-01 14:00:00,0.38778489228104146
26n7558qem.example.com,1900-01-01 15:00:00,0.41294142904855197
26n7558qem.example.com,1900-01-01 16:00:00,0.3092351213537125
26n7558qem.example.com,1900-01-01 17:00:00,0.641043211336527
26n7558qem.example.com,1900-01-01 18:00:00,0.279479857770133
26n7558qem.example.com,1900-01-01 19:00:00,0.3018293684219477
26n7558qem.example.com,1900-01-01 20:00:00,0.3930025596257652
26n7558qem.example.com,1900-01-01 21:00:00,0.40947464619098295
26n7558qem.example.com,1900-01-01 22:00:00,0.3101357239864574
26n7558qem.example.com,1900-01-01 23:00:00,0.3570800757657013
296bk78m3s.example.com,1900-01-01 00:00:00,0.8933727622599497
2tt7bdzt93.example.com,1900-01-01 00:00:00,0.40145880813105894
2tt7bdzt93.example.com,1900-01-01 01:00:00,0.4267592802285185
2tt7bdzt93.example.com,1900-01-01 02:00:00,0.2728610789824329
2tt7bdzt93.example.com,1900-01-01 03:00:00,0.2633084926814431
2tt7bdzt93.example.com,1900-01-01 04:00:00,0.23303359391636388
2tt7bdzt93.example.com,1900-01-01 05:00:00,0.3095916255577439
2tt7bdzt93.example.com,1900-01-01 06:00:00,0.2747043905063291
2tt7bdzt93.example.com,1900-01-01 07:00:00,0.3143091252382285
2tt7bdzt93.example.com,1900-01-01 08:00:00,0.2925585394356377
2tt7bdzt93.example.com,1900-01-01 09:00:00,0.28507653558396984
2tt7bdzt93.example.com,1900-01-01 10:00:00,0.4488033624463118
2tt7bdzt93.example.com,1900-01-01 11:00:00,0.22893917921950394
2tt7bdzt93.example.com,1900-01-01 12:00:00,0.25756470302457735
2tt7bdzt93.example.com,1900-01-01 13:00:00,0.2503815946225581
2tt7bdzt93.example.com,1900-01-01 14:00:00,0.5018345337373055
2tt7bdzt93.example.com,1900-01-01 15:00:00,0.38309474301159663
2tt7bdzt93.example.com,1900-01-01 16:00:00,0.28770908605768913
2tt7bdzt93.example.com,1900-01-01 17:00:00,0.31591797275789557
2tt7bdzt93.example.com,1900-01-01 18:00:00,0.4415014525262708
2tt7bdzt93.example.com,1900-01-01 19:00:00,0.30512925202290664
2tt7bdzt93.example.com,1900-01-01 20:00:00,0.24879101817591065
2tt7bdzt93.example.com,1900-01-01 21:00:00,0.2580096725029599
2tt7bdzt93.example.com,1900-01-01 22:00:00,0.4033108667392397
2tt7bdzt93.example.com,1900-01-01 23:00:00,0.5388944655244938
384p7s4pgj.example.com,1900-01-01 00:00:00,0.7172405834088341
384p7s4pgj.example.com,1900-01-01 01:00:00,0.378653578065553
3gca88v992.example.com,1900-01-01 00:00:00,1.0986122886681098
3r944jyjcy.example.com,1900-01-01 00:00:00,0.15643439131922088
3r944jyjcy.example.com,1900-01-01 01:00:00,0.15663070079359245
3z7k2m99hy.example.com,1900-01-01 00:00:00,0.5493061443340548
42nyi92dps.example.com,1900-01-01 00:00:00,0.08249198235060502
42nyi92dps.example.com,1900-01-01 01:00:00,0.03645705457603163
45x6ba5r58.example.com,1900-01-01 00:00:00,0.6739835371859938
45x6ba5r58.example.com,1900-01-01 01:00:00,0.5284224820003248
45x6ba5r58.example.com,1900-01-01 02:00:00,0.5705568950997312
45x6ba5r58.example.com,1900-01-01 03:00:00,0.7219673374069016
45x6ba5r58.example.com,1900-01-01 04:00:00,0.6369598328361592
45x6ba5r58.example.com,1900-01-01 05:00:00,0.6593835801920374
45x6ba5r58.example.com,1900-01-01 06:00:00,0.6510086102244644
45x6ba5r58.example.com,1900-01-01 07:00:00,0.8415081144474568
45x6ba5r58.example.com,1900-01-01 08:00:00,0.7907605292127078
45x6ba5r58.example.com,1900-01-01 09:00:00,0.733959341123648
45x6ba5r58.example.com,1900-01-01 10:00:00,0.6649615771233446
45x6ba5r58.example.com,1900-01-01 11:00:00,0.7696646142134539
45x6ba5r58.example.com,1900-01-01 12:00:00,0.9056952732449578
45x6ba5r58.example.com,1900-01-01 13:00:00,0.8630939528550727
45x6ba5r58.example.com,1900-01-01 14:00:00,0.7311596204920819
45x6ba5r58.example.com,1900-01-01 15:00:00,0.6367348217188057
45x6ba5r58.example.com,1900-01-01 16:00:00,0.9594598126270648
45x6ba5r58.example.com,1900-01-01 17:00:00,0.93448904860816
45x6ba5r58.example.com,1900-01-01 18:00:00,0.9414248110727915
45x6ba5r58.example.com,1900-01-01 19:00:00,0.747468206378729
45x6ba5r58.example.com,1900-01-01 20:00:00,0.7886868162092329
45x6ba5r58.example.com,1900-01-01 21:00:00,0.8369991201113864
45x6ba5r58.example.com,1900-01-01 22:00:00,0.7728042935285707
45x6ba5r58.example.com,1900-01-01 23:00:00,0.7572023085656818
491170l4j9.example.com,1900-01-01 00:00:00,0.5586172948974806
491170l4j9.example.com,1900-01-01 01:00:00,0.5883106813693968
491170l4j9.example.com,1900-01-01 02:00:00,0.5241343127978917
491170l4j9.example.com,1900-01-01 03:00:00,0.5588541806840271
491170l4j9.example.com,1900-01-01 04:00:00,0.538967434470417
491170l4j9.example.com,1900-01-01 05:00:00,0.5445350542515034
491170l4j9.example.com,1900-01-01 06:00:00,0.5483082424568458
491170l4j9.example.com,1900-01-01 07:00:00,0.5366888300246122
491170l4j9.example.com,1900-01-01 08:00:00,0.5411133071252834
491170l4j9.example.com,1900-01-01 09:00:00,0.5370709161071033
491170l4j9.example.com,1900-01-01 10:00:00,0.5738744504580462
491170l4j9.example.com,1900-01-01 11:00:00,0.6103257024213314
491170l4j9.example.com,1900-01-01 12:00:00,0.6447484965441436
491170l4j9.example.com,1900-01-01 13:00:00,0.6334684896839126
491170l4j9.example.com,1900-01-01 14:00:00,0.6352929452095751
491170l4j9.example.com,1900-01-01 15:00:00,0.6182914861145442
491170l4j9.example.com,1900-01-01 16:00:00,0.6172299238390982
491170l4j9.example.com,1900-01-01 17:00:00,0.608793324424968
491170l4j9.example.com,1900-01-01 18:00:00,0.6003656771185216
491170l4j9.example.com,1900-01-01 19:00:00,0.6059483143247262
491170l4j9.example.com,1900-01-01 20:00:00,0.5912330577479182
491170l4j9.example.com,1900-01-01 21:00:00,0.5541297650734222
491170l4j9.example.com,1900-01-01 22:00:00,0.49521876943280635
491170l4j9.example.com,1900-01-01 23:00:00,0.5155039214906642
49y0s4e6yi.example.com,1900-01-01 13:00:00,2.8783754540953623
49y0s4e6yi.example.com,1900-01-01 14:00:00,2.7923623393939128
49y0s4e6yi.example.com,1900-01-01 15:00:00,2.5487181865965263
49y0s4e6yi.example.com,1900-01-01 16:00:00,2.477327484268798
49y0s4e6yi.example.com,1900-01-01 17:00:00,2.34178806401845
49y0s4e6yi.example.com,1900-01-01 18:00:00,2.710764343044337
49y0s4e6yi.example.com,1900-01-01 19:00:00,2.624329977476739
49y0s4e6yi.example.com,1900-01-01 20:00:00,2.349131116225473
49y0s4e6yi.example.com,1900-01-01 21:00:00,3.258096538021482
4e7fi07563.example.com,1900-01-01 00:00:00,3.9939715880753135
4p9xf6q09j.example.com,1900-01-01 00:00:00,0.17932230880468836
4p9xf6q09j.example.com,1900-01-01 01:00:00,0.16550338217653837
4p9xf6q09j.example.com,1900-01-01 02:00:00,0.05806859050255252
4p9xf6q09j.example.com,1900-01-01 03:00:00,0.06337519644787809
4p9xf6q09j.example.com,1900-01-01 04:00:00,0.2759493094217259
4p9xf6q09j.example.com,1900-01-01 05:00:00,0.12753790278737726
4p9xf6q09j.example.com,1900-01-01 06:00:00,0.14497029117771645
4p9xf6q09j.example.com,1900-01-01 07:00:00,0.06512474538031351
4p9xf6q09j.example.com,1900-01-01 08:00:00,0.11652583043540121
4p9xf6q09j.example.com,1900-01-01 09:00:00,0.1417816483196086
4p9xf6q09j.example.com,1900-01-01 10:00:00,0.11189965936333951
4p9xf6q09j.example.com,1900-01-01 11:00:00,0.06671332969889338
4p9xf6q09j.example.com,1900-01-01 12:00:00,0.06104681638527806
4p9xf6q09j.example.com,1900-01-01 13:00:00,0.11626115247954753
4p9xf6q09j.example.com,1900-01-01 14:00:00,0.17922587582174065
4p9xf6q09j.example.com,1900-01-01 15:00:00,0.710916616713826
4p9xf6q09j.example.com,1900-01-01 16:00:00,0.05155938778411253
4p9xf6q09j.example.com,1900-01-01 17:00:00,0.11012435213294415
4p9xf6q09j.example.com,1900-01-01 18:00:00,0.10010053951064583
4p9xf6q09j.example.com,1900-01-01 19:00:00,0.20932626885070638
4p9xf6q09j.example.com,1900-01-01 20:00:00,0.07754181199127606
4p9xf6q09j.example.com,1900-01-01 21:00:00,0.04005109494998819
4p9xf6q09j.example.com,1900-01-01 22:00:00,0.10038801277398514
4p9xf6q09j.example.com,1900-01-01 23:00:00,0.13585713194622095
4q92v6y4v4.example.com,1900-01-01 00:00:00,0.430915105467736
4q92v6y4v4.example.com,1900-01-01 01:00:00,0.3916280980710945
544i565h38.example.com,1900-01-01 00:00:00,0.5386551248686371
544i565h38.example.com,1900-01-01 01:00:00,0.4075687833188097
544i565h38.example.com,1900-01-01 02:00:00,0.34541542388874874
544i565h38.example.com,1900-01-01 03:00:00,0.34351964371290844
544i565h38.example.com,1900-01-01 04:00:00,0.39493496872586215
544i565h38.example.com,1900-01-01 05:00:00,0.5386112426472904
544i565h38.example.com,1900-01-01 06:00:00,0.31199005365391574
544i565h38.example.com,1900-01-01 07:00:00,0.3435667962867838
544i565h38.example.com,1900-01-01 08:00:00,0.4568111371216832
544i565h38.example.com,1900-01-01 09:00:00,0.5015314144611649
544i565h38.example.com,1900-01-01 10:00:00,0.4795476843660909
544i565h38.example.com,1900-01-01 11:00:00,0.3184577116996868
544i565h38.example.com,1900-01-01 12:00:00,0.3348058039338232
544i565h38.example.com,1900-01-01 13:00:00,0.4890982164570427
544i565h38.example.com,1900-01-01 14:00:00,0.38374809509293417
544i565h38.example.com,1900-01-01 15:00:00,0.38135175144008915
544i565h38.example.com,1900-01-01 16:00:00,0.5781479928174744
544i565h38.example.com,1900-01-01 17:00:00,0.4082837020308018
544i565h38.example.com,1900-01-01 18:00:00,0.5118022181346357
544i565h38.example.com,1900-01-01 19:00:00,0.32249976233317756
544i565h38.example.com,1900-01-01 20:00:00,0.36970693979653224
544i565h38.example.com,1900-01-01 21:00:00,0.4538839931443627
544i565h38.example.com,1900-01-01 22:00:00,0.4870508165875055
54u39f46w4.example.com,1900-01-01 00:00:00,0.5989156702463646
56x0n7pu1o.example.com,1900-01-01 00:00:00,0.4772201036581446
56x0n7pu1o.example.com,1900-01-01 01:00:00,0.46663221068734223
56x0n7pu1o.example.com,1900-01-01 20:00:00,2.267539518234686
5azmx09198.example.com,1900-01-01 00:00:00,0.36857897793516103
5azmx09198.example.com,1900-01-01 01:00:00,0.41373492337920253
5j4leg39i6.example.com,1900-01-01 00:00:00,0.5973404279920868
5j4leg39i6.example.com,1900-01-01 01:00:00,0.5811105803037341
5j4leg39i6.example.com,1900-01-01 02:00:00,0.6049690466361158
5j4leg39i6.example.com,1900-01-01 03:00:00,0.7487957238013531
5j4leg39i6.example.com,1900-01-01 04:00:00,0.6845074418362528
5j4leg39i6.example.com,1900-01-01 05:00:00,0.6096507148564864
5j4leg39i6.example.com,1900-01-01 06:00:00,0.5988511553237107
5j4leg39i6.example.com,1900-01-01 07:00:00,0.7322875044298329
5j4leg39i6.example.com,1900-01-01 08:00:00,1.2481433041102472
5j4leg39i6.example.com,1900-01-01 09:00:00,1.592225659978922
5j4leg39i6.example.com,1900-01-01 10:00:00,0.8969486571248534
5j4leg39i6.example.com,1900-01-01 11:00:00,0.607831365605265
5j4leg39i6.example.com,1900-01-01 12:00:00,0.5837072874568704
5j4leg39i6.example.com,1900-01-01 13:00:00,0.5962310107497436
5j4leg39i6.example.com,1900-01-01 14:00:00,0.5731512992324387
5j4leg39i6.example.com,1900-01-01 15:00:00,0.596456541589738
5j4leg39i6.example.com,1900-01-01 16:00:00,0.6047156159844477
5j4leg39i6.example.com,1900-01-01 17:00:00,0.6417638835772154
5j4leg39i6.example.com,1900-01-01 18:00:00,0.5385814041865538
5j4leg39i6.example.com,1900-01-01 19:00:00,0.5897359449790086
5j4leg39i6.example.com,1900-01-01 20:00:00,0.5640356131341953
5j4leg39i6.example.com,1900-01-01 21:00:00,0.5548351163697587
5j4leg39i6.example.com,1900-01-01 22:00:00,0.5697685011023006
5j4leg39i6.example.com,1900-01-01 23:00:00,0.5460081502495292
5qt5vq4lhk.example.com,1900-01-01 11:00:00,0.9302142873862589
5qt5vq4lhk.example.com,1900-01-01 12:00:00,0.5874040535971196
5qt5vq4lhk.example.com,1900-01-01 13:00:00,0.5429235510069694
5qt5vq4lhk.example.com,1900-01-01 14:00:00,0.580495778794694
5qt5vq4lhk.example.com,1900-01-01 15:00:00,0.6129217197343785
5qt5vq4lhk.example.com,1900-01-01 16:00:00,0.8677171638469477
5qt5vq4lhk.example.com,1900-01-01 17:00:00,0.5159884691173456
5qt5vq4lhk.example.com,1900-01-01 18:00:00,0.6543952146916191
5qt5vq4lhk.example.com,1900-01-01 19:00:00,0.5676881711727251
5qt5vq4lhk.example.com,1900-01-01 20:00:00,0.557576958909152
5qt5vq4lhk.example.com,1900-01-01 21:00:00,0.5088295742478871
5qt5vq4lhk.example.com,1900-01-01 22:00:00,0.5477481350512244
60akv51096.example.com,1900-01-01 00:00:00,1.2522712101107452
60akv51096.example.com,1900-01-01 01:00:00,1.073518953366566
60akv51096.example.com,1900-01-01 02:00:00,0.9930586591888902
60akv51096.example.com,1900-01-01 03:00:00,1.1040214920996967
60akv51096.example.com,1900-01-01 04:00:00,0.9384496715062484
60akv51096.example.com,1900-01-01 05:00:00,0.711926526231118
60akv51096.example.com,1900-01-01 06:00:00,0.6988088398451917
60akv51096.example.com,1900-01-01 07:00:00,0.7946572303804701
60akv51096.example.com,1900-01-01 08:00:00,0.7233324214613309
60akv51096.example.com,1900-01-01 09:00:00,0.6846502901906142
60akv51096.example.com,1900-01-01 10:00:00,0.7226809515765744
60akv51096.example.com,1900-01-01 11:00:00,0.7063081495890843
60akv51096.example.com,1900-01-01 12:00:00,0.7282324198225331
60akv51096.example.com,1900-01-01 13:00:00,0.8144921057824092
60akv51096.example.com,1900-01-01 14:00:00,0.6784976749771113
60akv51096.example.com,1900-01-01 15:00:00,0.6510361302086035
60akv51096.example.com,1900-01-01 16:00:00,0.6263182547814055
60akv51096.example.com,1900-01-01 17:00:00,0.7131627734530471
60akv51096.example.com,1900-01-01 18:00:00,0.7303047753755018
60akv51096.example.com,1900-01-01 19:00:00,0.6180321164655186
60akv51096.example.com,1900-01-01 20:00:00,0.6203395775294891
60akv51096.example.com,1900-01-01 21:00:00,0.6410387768274417
60akv51096.example.com,1900-01-01 22:00:00,0.8206769271513094
60akv51096.example.com,1900-01-01 23:00:00,0.7673199228449419
60z896ru8v.example.com,1900-01-01 00:00:00,0.40555049564850554
60z896ru8v.example.com,1900-01-01 01:00:00,0.4607822825347361
62xmdp9avb.example.com,1900-01-01 00:00:00,4.553876891600541
64ph48xgi4.example.com,1900-01-01 00:00:00,0.4972179552803008
64ph48xgi4.example.com,1900-01-01 01:00:00,0.24197239304890072
64ph48xgi4.example.com,1900-01-01 20:00:00,1.179665306289209
6627ch84u1.example.com,1900-01-01 00:00:00,0.5691053284895525
6627ch84u1.example.com,1900-01-01 01:00:00,0.5657724828494306
6627ch84u1.example.com,1900-01-01 02:00:00,0.5807249801887678
6627ch84u1.example.com,1900-01-01 03:00:00,0.5474524571786883
6627ch84u1.example.com,1900-01-01 04:00:00,0.5286065231138624
6627ch84u1.example.com,1900-01-01 05:00:00,0.5467144033425858
6627ch84u1.example.com,1900-01-01 06:00:00,0.5855577784366648
6627ch84u1.example.com,1900-01-01 07:00:00,0.4920504523398915
6627ch84u1.example.com,1900-01-01 08:00:00,0.5263809739569248
6627ch84u1.example.com,1900-01-01 09:00:00,0.5303310338822655
6627ch84u1.example.com,1900-01-01 10:00:00,0.6083287713217116
6627ch84u1.example.com,1900-01-01 11:00:00,0.5977141271690293
6627ch84u1.example.com,1900-01-01 12:00:00,0.6301449023569042
6627ch84u1.example.com,1900-01-01 13:00:00,0.6139043584198571
6627ch84u1.example.com,1900-01-01 14:00:00,0.599371171384019
6627ch84u1.example.com,1900-01-01 15:00:00,0.6115208851027174
6627ch84u1.example.com,1900-01-01 16:00:00,0.6263008487712329
6627ch84u1.example.com,1900-01-01 17:00:00,0.6376293109168208
6627ch84u1.example.com,1900-01-01 18:00:00,0.6287853948964146
6627ch84u1.example.com,1900-01-01 19:00:00,0.580640579974292
6627ch84u1.example.com,1900-01-01 20:00:00,0.5678538013213021
6627ch84u1.example.com,1900-01-01 21:00:00,0.5629468317102206
6627ch84u1.example.com,1900-01-01 22:00:00,0.5686967183810755
6627ch84u1.example.com,1900-01-01 23:00:00,0.56040182498279
67ets55ob3.example.com,1900-01-01 11:00:00,1.0072473255061338
67ets55ob3.example.com,1900-01-01 12:00:00,0.8465890070974859
67ets55ob3.example.com,1900-01-01 13:00:00,0.6140891724740173
67ets55ob3.example.com,1900-01-01 14:00:00,0.6670625796688382
67ets55ob3.example.com,1900-01-01 15:00:00,0.6256206045549646
67ets55ob3.example.com,1900-01-01 16:00:00,0.9390173086100541
67ets55ob3.example.com,1900-01-01 17:00:00,0.574149092724591
67ets55ob3.example.com,1900-01-01 18:00:00,0.5707728798789137
67ets55ob3.example.com,1900-01-01 19:00:00,0.5929952335531322
67ets55ob3.example.com,1900-01-01 20:00:00,0.60463332406398
67ets55ob3.example.com,1900-01-01 21:00:00,0.5868067831594178
67ets55ob3.example.com,1900-01-01 22:00:00,0.543204924388774
686573048k.example.com,1900-01-01 11:00:00,1.1350915490230689
686573048k.example.com,1900-01-01 12:00:00,0.8351936378000403
686573048k.example.com,1900-01-01 13:00:00,0.8050917147797484
686573048k.example.com,1900-01-01 14:00:00,0.8858681453488065
686573048k.example.com,1900-01-01 15:00:00,0.9500577625648027
686573048k.example.com,1900-01-01 16:00:00,0.707705463373562
686573048k.example.com,1900-01-01 17:00:00,0.7167003850173611
686573048k.example.com,1900-01-01 18:00:00,0.828540190038571
686573048k.example.com,1900-01-01 19:00:00,0.6699826603272903
686573048k.example.com,1900-01-01 20:00:00,0.7472435079913212
686573048k.example.com,1900-01-01 21:00:00,0.7697192420333111
686573048k.example.com,1900-01-01 22:00:00,0.6201766012559617
68wa53c1nt.example.com,1900-01-01 00:00:00,0.46837650722916196
68wa53c1nt.example.com,1900-01-01 01:00:00,0.25813489191990385
68wa53c1nt.example.com,1900-01-01 02:00:00,0.30651524007092296
68wa53c1nt.example.com,1900-01-01 03:00:00,0.7904048683607856
68wa53c1nt.example.com,1900-01-01 04:00:00,0.4134094954778624
68wa53c1nt.example.com,1900-01-01 05:00:00,0.5093381150945409
68wa53c1nt.example.com,1900-01-01 06:00:00,0.16205631820596486
68wa53c1nt.example.com,1900-01-01 07:00:00,0.20369849759223005
68wa53c1nt.example.com,1900-01-01 08:00:00,0.25185634411273106
68wa53c1nt.example.com,1900-01-01 09:00:00,0.6014738795830635
68wa53c1nt.example.com,1900-01-01 10:00:00,0.2748693559180985
68wa53c1nt.example.com,1900-01-01 11:00:00,0.20235244458357432
68wa53c1nt.example.com,1900-01-01 12:00:00,0.18294016957174813
68wa53c1nt.example.com,1900-01-01 13:00:00,0.2991011895517264
68wa53c1nt.example.com,1900-01-01 14:00:00,0.24515191476670128
68wa53c1nt.example.com,1900-01-01 15:00:00,0.1944410344916719
68wa53c1nt.example.com,1900-01-01 16:00:00,0.1999678951481047
68wa53c1nt.example.com,1900-01-01 17:00:00,0.1946357446691002
68wa53c1nt.example.com,1900-01-01 18:00:00,0.32295465997174516
68wa53c1nt.example.com,1900-01-01 19:00:00,0.21317449626762142
68wa53c1nt.example.com,1900-01-01 20:00:00,0.17088913717922669
68wa53c1nt.example.com,1900-01-01 21:00:00,0.1657777327022002
68wa53c1nt.example.com,1900-01-01 22:00:00,0.21792350111008219
68wa53c1nt.example.com,1900-01-01 23:00:00,0.2581383248100629
6k2bmnydm5.example.com,1900-01-01 00:00:00,0.5621123314149222
6k2bmnydm5.example.com,1900-01-01 01:00:00,0.4123779709957323
6k2bmnydm5.example.com,1900-01-01 20:00:00,1.6358346539135917
6wz6ovdd53.example.com,1900-01-01 00:00:00,0.5018629619705527
6wz6ovdd53.example.com,1900-01-01 01:00:00,0.41139372292261056
6wz6ovdd53.example.com,1900-01-01 02:00:00,0.2169537423406699
6wz6ovdd53.example.com,1900-01-01 03:00:00,0.6204796107005993
6wz6ovdd53.example.com,1900-01-01 04:00:00,0.2571026093326826
6wz6ovdd53.example.com,1900-01-01 05:00:00,0.6902611420857965
6wz6ovdd53.example.com,1900-01-01 06:00:00,0.30141908346262025
6wz6ovdd53.example.com,1900-01-01 07:00:00,0.4875631638878135
6wz6ovdd53.example.com,1900-01-01 08:00:00,0.4336870032689221
6wz6ovdd53.example.com,1900-01-01 09:00:00,0.23446613995821394
6wz6ovdd53.example.com,1900-01-01 10:00:00,0.28824865013462997
6wz6ovdd53.example.com,1900-01-01 11:00:00,0.48902786784861746
6wz6ovdd53.example.com,1900-01-01 12:00:00,0.36650431462893707
6wz6ovdd53.example.com,1900-01-01 13:00:00,0.3642640218441189
6wz6ovdd53.example.com,1900-01-01 14:00:00,0.32829260595260046
6wz6ovdd53.example.com,1900-01-01 15:00:00,0.6137553240986716
6wz6ovdd53.example.com,1900-01-01 16:00:00,0.18922762434035206
6wz6ovdd53.example.com,1900-01-01 17:00:00,0.32179986708743374
6wz6ovdd53.example.com,1900-01-01 18:00:00,0.2718573211897713
6wz6ovdd53.example.com,1900-01-01 19:00:00,0.8978806751130199
6wz6ovdd53.example.com,1900-01-01 20:00:00,0.17167294181898704
6wz6ovdd53.example.com,1900-01-01 21:00:00,0.36628570513418834
6wz6ovdd53.example.com,1900-01-01 22:00:00,0.19613437585928975
6wz6ovdd53.example.com,1900-01-01 23:00:00,0.36178413441888
706683w064.example.com,1900-01-01 00:00:00,0.3320224865431698
706683w064.example.com,1900-01-01 01:00:00,0.2765877813498449
706683w064.example.com,1900-01-01 02:00:00,0.359660577881731
706683w064.example.com,1900-01-01 03:00:00,0.44140383015311446
706683w064.example.com,1900-01-01 04:00:00,0.3285682394770245
706683w064.example.com,1900-01-01 05:00:00,0.36621093586095316
706683w064.example.com,1900-01-01 06:00:00,0.4059702075852231
706683w064.example.com,1900-01-01 07:00:00,0.4548156773321184
706683w064.example.com,1900-01-01 08:00:00,0.3615407919999215
706683w064.example.com,1900-01-01 09:00:00,0.45412998774025815
706683w064.example.com,1900-01-01 10:00:00,0.38041710671472456
706683w064.example.com,1900-01-01 11:00:00,0.500552787150107
706683w064.example.com,1900-01-01 12:00:00,0.28842519620289897
706683w064.example.com,1900-01-01 13:00:00,0.37313705920283696
706683w064.example.com,1900-01-01 14:00:00,0.4147250263965066
706683w064.example.com,1900-01-01 15:00:00,0.5160838547210416
706683w064.example.com,1900-01-01 16:00:00,0.34010197301083256
706683w064.example.com,1900-01-01 17:00:00,0.45374149853383205
706683w064.example.com,1900-01-01 18:00:00,0.45902336667335125
706683w064.example.com,1900-01-01 19:00:00,0.3486020260762718
706683w064.example.com,1900-01-01 20:00:00,0.26778797597876025
706683w064.example.com,1900-01-01 21:00:00,0.3059972769708578
706683w064.example.com,1900-01-01 22:00:00,0.254741895038199
706683w064.example.com,1900-01-01 23:00:00,0.3629488935301792
7273jkfx4z.example.com,1900-01-01 00:00:00,1.097775910153504
7273jkfx4z.example.com,1900-01-01 01:00:00,0.7356841597422733
7273jkfx4z.example.com,1900-01-01 02:00:00,0.4054651081081644
74582f16q2.example.com,1900-01-01 00:00:00,0.061428573102607485
74582f16q2.example.com,1900-01-01 01:00:00,0.09391778790055766
75344p5z10.example.com,1900-01-01 00:00:00,0.42964395838376285
75344p5z10.example.com,1900-01-01 01:00:00,0.2334943915278397
75344p5z10.example.com,1900-01-01 02:00:00,0.6344387535428146
75344p5z10.example.com,1900-01-01 03:00:00,0.47846674147256996
75344p5z10.example.com,1900-01-01 04:00:00,0.391936010005095
75344p5z10.example.com,1900-01-01 05:00:00,0.48618028741713193
75344p5z10.example.com,1900-01-01 06:00:00,0.22408759181020146
75344p5z10.example.com,1900-01-01 07:00:00,0.29065315633629624
75344p5z10.example.com,1900-01-01 08:00:00,0.6715490586787454
75344p5z10.example.com,1900-01-01 09:00:00,0.37443035389520957
75344p5z10.example.com,1900-01-01 10:00:00,0.33374156397489024
75344p5z10.example.com,1900-01-01 11:00:00,0.648624376949501
75344p5z10.example.com,1900-01-01 12:00:00,1.8709560528108338
75344p5z10.example.com,1900-01-01 13:00:00,1.8296026117624873
75344p5z10.example.com,1900-01-01 14:00:00,1.882363880359634
75344p5z10.example.com,1900-01-01 15:00:00,1.7898992333686172
75344p5z10.example.com,1900-01-01 16:00:00,1.870232960527581
75344p5z10.example.com,1900-01-01 17:00:00,1.8280447122851962
75344p5z10.example.com,1900-01-01 18:00:00,1.9020402505699046
75344p5z10.example.com,1900-01-01 19:00:00,1.874767724082919
75344p5z10.example.com,1900-01-01 20:00:00,1.8691622473118599
75344p5z10.example.com,1900-01-01 21:00:00,1.938920114854817
75344p5z10.example.com,1900-01-01 22:00:00,1.9188125539463705
75344p5z10.example.com,1900-01-01 23:00:00,1.965315577201449
7k0j6rx783.example.com,1900-01-01 00:00:00,0.4234731284758565
7k0j6rx783.example.com,1900-01-01 01:00:00,0.45903276124448206
7k0j6rx783.example.com,1900-01-01 20:00:00,1.2782613985316715
7s8k0s638r.example.com,1900-01-01 00:00:00,0.05970365510735782
7s8k0s638r.example.com,1900-01-01 01:00:00,0.04383372340622458
7s8k0s638r.example.com,1900-01-01 02:00:00,0.055412998128268984
7s8k0s638r.example.com,1900-01-01 03:00:00,0.04231884930040276
7s8k0s638r.example.com,1900-01-01 04:00:00,0.040325091947456135
7s8k0s638r.example.com,1900-01-01 05:00:00,0.05990202912455729
7s8k0s638r.example.com,1900-01-01 06:00:00,0.04198286047635928
7s8k0s638r.example.com,1900-01-01 07:00:00,0.04357466726141977
7s8k0s638r.example.com,1900-01-01 08:00:00,0.059151141634531994
7s8k0s638r.example.com,1900-01-01 09:00:00,0.06290052276374435
7s8k0s638r.example.com,1900-01-01 10:00:00,0.052043367626985026
7s8k0s638r.example.com,1900-01-01 11:00:00,0.0594028309145318
7s8k0s638r.example.com,1900-01-01 12:00:00,0.05857087276794443
7s8k0s638r.example.com,1900-01-01 13:00:00,0.06817066489548655
7s8k0s638r.example.com,1900-01-01 14:00:00,0.06661258501361049
7s8k0s638r.example.com,1900-01-01 15:00:00,0.04753660296916701
7s8k0s638r.example.com,1900-01-01 16:00:00,0.04738174384306507
7s8k0s638r.example.com,1900-01-01 17:00:00,0.08653397315473886
7s8k0s638r.example.com,1900-01-01 18:00:00,0.07068367329705709
7s8k0s638r.example.com,1900-01-01 19:00:00,0.049968520172720965
7s8k0s638r.example.com,1900-01-01 20:00:00,0.04966721749896106
7s8k0s638r.example.com,1900-01-01 21:00:00,0.16592861179996393
7s8k0s638r.example.com,1900-01-01 22:00:00,0.05532670069859606
7s8k0s638r.example.com,1900-01-01 23:00:00,0.0699590322631402
7u3l8hftr3.example.com,1900-01-01 00:00:00,0.671960846885255
81g4g1hv0z.example.com,1900-01-01 00:00:00,0.6297344216012332
81g4g1hv0z.example.com,1900-01-01 01:00:00,0.6058237575682357
81g4g1hv0z.example.com,1900-01-01 02:00:00,0.6013164378009083
81g4g1hv0z.example.com,1900-01-01 13:00:00,2.4262478803401417
81g4g1hv0z.example.com,1900-01-01 14:00:00,0.9213133117992042
81g4g1hv0z.example.com,1900-01-01 15:00:00,0.7795406022997501
81g4g1hv0z.example.com,1900-01-01 16:00:00,0.9000617536384196
81g4g1hv0z.example.com,1900-01-01 17:00:00,0.8610213420857163
81g4g1hv0z.example.com,1900-01-01 18:00:00,0.8390008046003447
81g4g1hv0z.example.com,1900-01-01 19:00:00,0.7703148904820588
81g4g1hv0z.example.com,1900-01-01 20:00:00,0.7075138630851082
81g4g1hv0z.example.com,1900-01-01 21:00:00,0.6306848056823912
81g4g1hv0z.example.com,1900-01-01 22:00:00,0.6676698441386928
81g4g1hv0z.example.com,1900-01-01 23:00:00,0.62487002030995
87c5erai8d.example.com,1900-01-01 00:00:00,0.6819727862528654
87c5erai8d.example.com,1900-01-01 01:00:00,0.5418843420592332
87c5erai8d.example.com,1900-01-01 02:00:00,0.43921233806522036
87c5erai8d.example.com,1900-01-01 03:00:00,0.4354816235664739
87c5erai8d.example.com,1900-01-01 04:00:00,0.4653700144910891
87c5erai8d.example.com,1900-01-01 05:00:00,0.6057202136354065
87c5erai8d.example.com,1900-01-01 06:00:00,0.4809432857576845
87c5erai8d.example.com,1900-01-01 07:00:00,0.5807863811591379
87c5erai8d.example.com,1900-01-01 08:00:00,0.38276686730707976
87c5erai8d.example.com,1900-01-01 09:00:00,0.5602968979810443
87c5erai8d.example.com,1900-01-01 10:00:00,0.4758386098321636
87c5erai8d.example.com,1900-01-01 11:00:00,0.37691503563023215
87c5erai8d.example.com,1900-01-01 12:00:00,0.5027608779347401
87c5erai8d.example.com,1900-01-01 13:00:00,0.41484501535560564
87c5erai8d.example.com,1900-01-01 14:00:00,0.6329036814790014
87c5erai8d.example.com,1900-01-01 15:00:00,0.5040313102372095
87c5erai8d.example.com,1900-01-01 16:00:00,0.3807018504093663
87c5erai8d.example.com,1900-01-01 17:00:00,0.49762150322163123
87c5erai8d.example.com,1900-01-01 18:00:00,0.6232317475699335
87c5erai8d.example.com,1900-01-01 19:00:00,0.4103046110488341
87c5erai8d.example.com,1900-01-01 20:00:00,0.43653135025375145
87c5erai8d.example.com,1900-01-01 21:00:00,0.5547366539709379
87c5erai8d.example.com,1900-01-01 22:00:00,0.7243905941705494
87c5erai8d.example.com,1900-01-01 23:00:00,0.5308845360653378
8k83n86v9q.example.com,1900-01-01 00:00:00,0.4054651081081644
8tu3qbcsg8.example.com,1900-01-01 00:00:00,0.20171883699323276
8tu3qbcsg8.example.com,1900-01-01 01:00:00,0.1412320583969728
8tu3qbcsg8.example.com,1900-01-01 02:00:00,0.10757060573118318
8tu3qbcsg8.example.com,1900-01-01 12:00:00,3.2546289945740186
8tu3qbcsg8.example.com,1900-01-01 13:00:00,0.45257504384919317
8tu3qbcsg8.example.com,1900-01-01 14:00:00,0.3848332040269422
8tu3qbcsg8.example.com,1900-01-01 15:00:00,0.14123418843913055
8tu3qbcsg8.example.com,1900-01-01 16:00:00,0.059838207491971725
8tu3qbcsg8.example.com,1900-01-01 17:00:00,0.4077352543129192
8tu3qbcsg8.example.com,1900-01-01 18:00:00,0.9264046326980164
8vs4mo3oua.example.com,1900-01-01 00:00:00,0.43195061338637464
8vs4mo3oua.example.com,1900-01-01 01:00:00,0.26300248322504877
8vs4mo3oua.example.com,1900-01-01 02:00:00,0.4054651081081644
91fvy62m26.example.com,1900-01-01 00:00:00,0.572589110723606
91fvy62m26.example.com,1900-01-01 01:00:00,0.49556897176462383
91fvy62m26.example.com,1900-01-01 02:00:00,0.3808143514080685
91fvy62m26.example.com,1900-01-01 03:00:00,0.4584275985925412
91fvy62m26.example.com,1900-01-01 04:00:00,0.5362656261948658
91fvy62m26.example.com,1900-01-01 05:00:00,0.41572148605764714
91fvy62m26.example.com,1900-01-01 06:00:00,0.3516432449449362
91fvy62m26.example.com,1900-01-01 07:00:00,0.3354668505543925
91fvy62m26.example.com,1900-01-01 08:00:00,0.5341488461337738
91fvy62m26.example.com,1900-01-01 09:00:00,0.29175246830072754
91fvy62m26.example.com,1900-01-01 10:00:00,0.4516309920538936
91fvy62m26.example.com,1900-01-01 11:00:00,0.43362352659606185
91fvy62m26.example.com,1900-01-01 12:00:00,0.49512143927001745
91fvy62m26.example.com,1900-01-01 13:00:00,0.45837066292844664
91fvy62m26.example.com,1900-01-01 14:00:00,0.42487570250832635
91fvy62m26.example.com,1900-01-01 15:00:00,0.3871073609815136
91fvy62m26.example.com,1900-01-01 16:00:00,0.4936501339225814
91fvy62m26.example.com,1900-01-01 17:00:00,0.42132952936488605
91fvy62m26.example.com,1900-01-01 18:00:00,0.45025084758323697
91fvy62m26.example.com,1900-01-01 19:00:00,0.34964474883927354
91fvy62m26.example.com,1900-01-01 20:00:00,0.423268068312605
91fvy62m26.example.com,1900-01-01 21:00:00,0.4266999128113857
91fvy62m26.example.com,1900-01-01 22:00:00,0.44430779802951637
91fvy62m26.example.com,1900-01-01 23:00:00,0.627134334731581
95mtvvas0b.example.com,1900-01-01 00:00:00,0.9195952821147307
95mtvvas0b.example.com,1900-01-01 01:00:00,0.559265309179094
95mtvvas0b.example.com,1900-01-01 02:00:00,0.6970317754093941
95mtvvas0b.example.com,1900-01-01 03:00:00,0.7398880079099438
95mtvvas0b.example.com,1900-01-01 04:00:00,0.8894123566898243
95mtvvas0b.example.com,1900-01-01 05:00:00,0.6525489471268606
95mtvvas0b.example.com,1900-01-01 06:00:00,0.6325212316030075
95mtvvas0b.example.com,1900-01-01 07:00:00,0.6183334138025335
95mtvvas0b.example.com,1900-01-01 08:00:00,0.8511013280814033
95mtvvas0b.example.com,1900-01-01 09:00:00,0.4680771140967855
95mtvvas0b.example.com,1900-01-01 10:00:00,0.4785807362202847
95mtvvas0b.example.com,1900-01-01 11:00:00,0.6273569753005157
95mtvvas0b.example.com,1900-01-01 12:00:00,0.7781089133967865
95mtvvas0b.example.com,1900-01-01 13:00:00,0.8098329768818806
95mtvvas0b.example.com,1900-01-01 14:00:00,0.5438238244353728
95mtvvas0b.example.com,1900-01-01 15:00:00,0.7047544488941541
95mtvvas0b.example.com,1900-01-01 16:00:00,1.057034976931025
95mtvvas0b.example.com,1900-01-01 17:00:00,0.7352166031962821
95mtvvas0b.example.com,1900-01-01 18:00:00,0.6949250053828615
95mtvvas0b.example.com,1900-01-01 19:00:00,0.5900613844509678
95mtvvas0b.example.com,1900-01-01 20:00:00,0.7451119600029706
95mtvvas0b.example.com,1900-01-01 21:00:00,0.8805593925796501
95mtvvas0b.example.com,1900-01-01 22:00:00,0.5616890234704229
95mtvvas0b.example.com,1900-01-01 23:00:00,0.5993750578253795
97ekboq789.example.com,1900-01-01 00:00:00,0.3396570777303315
97ekboq789.example.com,1900-01-01 01:00:00,0.25440227607776567
9p27d1k01y.example.com,1900-01-01 00:00:00,0.30815691677826523
9p27d1k01y.example.com,1900-01-01 01:00:00,0.13319856676644257
9p27d1k01y.example.com,1900-01-01 02:00:00,0.278205092081784
9p27d1k01y.example.com,1900-01-01 03:00:00,0.3870814113703445
9p27d1k01y.example.com,1900-01-01 04:00:00,0.28194547349810223
9p27d1k01y.example.com,1900-01-01 05:00:00,0.19443684973547043
9p27d1k01y.example.com,1900-01-01 06:00:00,0.20922124991337615
9p27d1k01y.example.com,1900-01-01 07:00:00,0.20117787619109112
9p27d1k01y.example.com,1900-01-01 08:00:00,0.31311234694846674
9p27d1k01y.example.com,1900-01-01 09:00:00,0.33204677112789655
9p27d1k01y.example.com,1900-01-01 10:00:00,0.2906515063089053
9p27d1k01y.example.com,1900-01-01 11:00:00,0.35665831534747977
9p27d1k01y.example.com,1900-01-01 12:00:00,0.23600060111227955
9p27d1k01y.example.com,1900-01-01 13:00:00,0.5852471295479472
9p27d1k01y.example.com,1900-01-01 14:00:00,0.28261456828063297
9p27d1k01y.example.com,1900-01-01 15:00:00,0.34898366233324224
9p27d1k01y.example.com,1900-01-01 16:00:00,0.32810728939051725
9p27d1k01y.example.com,1900-01-01 17:00:00,0.41530252867246076
9p27d1k01y.example.com,1900-01-01 18:00:00,0.33929493575849085
9p27d1k01y.example.com,1900-01-01 19:00:00,0.4096360017987765
9p27d1k01y.example.com,1900-01-01 20:00:00,0.2991979389318911
9p27d1k01y.example.com,1900-01-01 21:00:00,0.5580892834649297
9p27d1k01y.example.com,1900-01-01 22:00:00,0.3786259473631001
9p27d1k01y.example.com,1900-01-01 23:00:00,0.4229323233927009
ai4xs9tt54.example.com,1900-01-01 00:00:00,0.4217425208898132
ai4xs9tt54.example.com,1900-01-01 01:00:00,0.417185595627329
ai4xs9tt54.example.com,1900-01-01 02:00:00,0.3215192155917126
ai4xs9tt54.example.com,1900-01-01 03:00:00,0.27095363866365463
ai4xs9tt54.example.com,1900-01-01 04:00:00,0.27348158082141694
ai4xs9tt54.example.com,1900-01-01 05:00:00,0.39466431432705534
ai4xs9tt54.example.com,1900-01-01 06:00:00,0.2924408459463464
ai4xs9tt54.example.com,1900-01-01 07:00:00,0.23883352398301944
ai4xs9tt54.example.com,1900-01-01 08:00:00,0.4413225798314894
ai4xs9tt54.example.com,1900-01-01 09:00:00,0.42463635088098567
ai4xs9tt54.example.com,1900-01-01 10:00:00,0.47580062927022954
ai4xs9tt54.example.com,1900-01-01 11:00:00,0.45155696431568637
ai4xs9tt54.example.com,1900-01-01 12:00:00,0.4194579999067931
ai4xs9tt54.example.com,1900-01-01 13:00:00,0.4839074986044073
ai4xs9tt54.example.com,1900-01-01 14:00:00,0.5078961565048515
ai4xs9tt54.example.com,1900-01-01 15:00:00,0.3224010970828913
ai4xs9tt54.example.com,1900-01-01 16:00:00,0.36977408429909225
ai4xs9tt54.example.com,1900-01-01 17:00:00,0.3381420854973738
ai4xs9tt54.example.com,1900-01-01 18:00:00,0.6654158739441896
ai4xs9tt54.example.com,1900-01-01 19:00:00,0.29044914427728585
ai4xs9tt54.example.com,1900-01-01 20:00:00,0.4819090661204714
ai4xs9tt54.example.com,1900-01-01 21:00:00,0.5097118165641074
ai4xs9tt54.example.com,1900-01-01 22:00:00,0.5288304178704526
ai4xs9tt54.example.com,1900-01-01 23:00:00,0.5404443253178676
b2g1e47781.example.com,1900-01-01 00:00:00,0.3338045199058102
b2g1e47781.example.com,1900-01-01 01:00:00,0.2654063346001625
b2g1e47781.example.com,1900-01-01 10:00:00,0.5018560858085882
b2g1e47781.example.com,1900-01-01 11:00:00,0.2649189410691895
b2g1e47781.example.com,1900-01-01 12:00:00,0.47722092641276764
b2g1e47781.example.com,1900-01-01 13:00:00,0.24602688306008116
b2g1e47781.example.com,1900-01-01 14:00:00,0.3577819701572914
b2g1e47781.example.com,1900-01-01 15:00:00,0.3736234861153451
b2g1e47781.example.com,1900-01-01 16:00:00,0.2798799957562224
b2g1e47781.example.com,1900-01-01 17:00:00,0.2652790852461285
b2g1e47781.example.com,1900-01-01 18:00:00,0.2929808090471144
b2g1e47781.example.com,1900-01-01 19:00:00,0.3758540743192814
b2g1e47781.example.com,1900-01-01 20:00:00,0.2784593323169653
b2g1e47781.example.com,1900-01-01 21:00:00,0.19510593059180498
b2g1e47781.example.com,1900-01-01 22:00:00,0.2060114157984311
b2g1e47781.example.com,1900-01-01 23:00:00,0.30309881701576286
b6n8l12yn3.example.com,1900-01-01 00:00:00,1.717395053939193
c2vc4969gj.example.com,1900-01-01 11:00:00,1.0705541739274225
cet5m29f20.example.com,1900-01-01 00:00:00,0.6453488260873801
cet5m29f20.example.com,1900-01-01 01:00:00,0.648461819860053
cet5m29f20.example.com,1900-01-01 02:00:00,0.57198281520832
cet5m29f20.example.com,1900-01-01 03:00:00,0.4869340454933489
cet5m29f20.example.com,1900-01-01 10:00:00,0.8456079161227587
cet5m29f20.example.com,1900-01-01 11:00:00,0.543440649820043
cet5m29f20.example.com,1900-01-01 12:00:00,0.6088173566520013
cet5m29f20.example.com,1900-01-01 13:00:00,0.6296949550009969
cet5m29f20.example.com,1900-01-01 14:00:00,0.6092250590211937
cet5m29f20.example.com,1900-01-01 15:00:00,0.8318716498426192
cet5m29f20.example.com,1900-01-01 16:00:00,0.5695425676677326
cet5m29f20.example.com,1900-01-01 17:00:00,0.5895827874529699
cet5m29f20.example.com,1900-01-01 18:00:00,0.6465751632654502
cet5m29f20.example.com,1900-01-01 19:00:00,0.6818233121061699
cet5m29f20.example.com,1900-01-01 20:00:00,0.5335240423568226
cet5m29f20.example.com,1900-01-01 21:00:00,0.58439633330284
cet5m29f20.example.com,1900-01-01 22:00:00,0.5990841658006774
cet5m29f20.example.com,1900-01-01 23:00:00,0.7817709525856159
cqr4r79v1g.example.com,1900-01-01 11:00:00,1.0596272949062986
cqr4r79v1g.example.com,1900-01-01 12:00:00,0.3611439921573795
cqr4r79v1g.example.com,1900-01-01 13:00:00,0.2442737799869131
cqr4r79v1g.example.com,1900-01-01 14:00:00,0.31647518040925754
cqr4r79v1g.example.com,1900-01-01 15:00:00,0.2843099707693445
cqr4r79v1g.example.com,1900-01-01 16:00:00,0.3085075130391699
cqr4r79v1g.example.com,1900-01-01 17:00:00,0.3442013674641179
cqr4r79v1g.example.com,1900-01-01 18:00:00,0.24288011730212075
cqr4r79v1g.example.com,1900-01-01 19:00:00,0.24522308850948982
cqr4r79v1g.example.com,1900-01-01 20:00:00,0.5157297365038148
cqr4r79v1g.example.com,1900-01-01 21:00:00,0.3234601842903998
cqr4r79v1g.example.com,1900-01-01 22:00:00,0.18884157985248323
cv9v06q70z.example.com,1900-01-01 00:00:00,0.6588739092923903
cznin5g469.example.com,1900-01-01 11:00:00,0.8256338952353985
d84433utw1.example.com,1900-01-01 00:00:00,0.4693530986971263
d84433utw1.example.com,1900-01-01 01:00:00,0.5182801365425898
d84433utw1.example.com,1900-01-01 02:00:00,0.4657137894918222
d84433utw1.example.com,1900-01-01 03:00:00,0.42021398258000625
d84433utw1.example.com,1900-01-01 04:00:00,0.49626225825949805
d84433utw1.example.com,1900-01-01 05:00:00,0.356358969786207
d84433utw1.example.com,1900-01-01 06:00:00,0.3832790947339731
d84433utw1.example.com,1900-01-01 07:00:00,0.8782507957992186
d84433utw1.example.com,1900-01-01 08:00:00,1.9571129471230366
d84433utw1.example.com,1900-01-01 09:00:00,0.34514154396975333
d84433utw1.example.com,1900-01-01 10:00:00,0.3973046069782839
d84433utw1.example.com,1900-01-01 11:00:00,0.3481555187408134
d84433utw1.example.com,1900-01-01 12:00:00,0.3907743941389425
d84433utw1.example.com,1900-01-01 13:00:00,0.40428018634805496
d84433utw1.example.com,1900-01-01 14:00:00,0.524271922557768
d84433utw1.example.com,1900-01-01 15:00:00,0.6196470890151425
d84433utw1.example.com,1900-01-01 16:00:00,0.44549830350730807
d84433utw1.example.com,1900-01-01 17:00:00,0.40731202483874274
d84433utw1.example.com,1900-01-01 18:00:00,0.37384745868294694
d84433utw1.example.com,1900-01-01 19:00:00,0.3972947910120948
d84433utw1.example.com,1900-01-01 20:00:00,0.4198795100892799
d84433utw1.example.com,1900-01-01 21:00:00,0.3831657694954209
d84433utw1.example.com,1900-01-01 22:00:00,0.36776873012889816
d84433utw1.example.com,1900-01-01 23:00:00,0.32333971137988277
de9xl9d7v2.example.com,1900-01-01 00:00:00,0.5224836007170016
de9xl9d7v2.example.com,1900-01-01 01:00:00,0.4162935521264549
de9xl9d7v2.example.com,1900-01-01 02:00:00,0.3646600005054138
de9xl9d7v2.example.com,1900-01-01 03:00:00,0.29833073139141625
de9xl9d7v2.example.com,1900-01-01 04:00:00,0.7141610425276311
de9xl9d7v2.example.com,1900-01-01 05:00:00,0.445576921306316
de9xl9d7v2.example.com,1900-01-01 06:00:00,0.3354140064410316
de9xl9d7v2.example.com,1900-01-01 07:00:00,0.3613980399221042
de9xl9d7v2.example.com,1900-01-01 08:00:00,0.35038286421051684
de9xl9d7v2.example.com,1900-01-01 09:00:00,0.4530440401254373
de9xl9d7v2.example.com,1900-01-01 10:00:00,0.3247065806208499
de9xl9d7v2.example.com,1900-01-01 11:00:00,0.575158485354271
de9xl9d7v2.example.com,1900-01-01 12:00:00,0.2671458282757223
de9xl9d7v2.example.com,1900-01-01 13:00:00,0.8893958743383548
de9xl9d7v2.example.com,1900-01-01 14:00:00,1.0117212790176713
de9xl9d7v2.example.com,1900-01-01 15:00:00,0.810024563253728
de9xl9d7v2.example.com,1900-01-01 16:00:00,0.858653627288879
de9xl9d7v2.example.com,1900-01-01 17:00:00,0.7738588989795079
de9xl9d7v2.example.com,1900-01-01 18:00:00,1.0936479417031104
de9xl9d7v2.example.com,1900-01-01 19:00:00,0.7427731424047358
de9xl9d7v2.example.com,1900-01-01 20:00:00,0.9563025993888371
de9xl9d7v2.example.com,1900-01-01 21:00:00,0.8577968224570447
de9xl9d7v2.example.com,1900-01-01 22:00:00,0.8619272154910461
de9xl9d7v2.example.com,1900-01-01 23:00:00,0.7195816347100275
dqa331kq4u.example.com,1900-01-01 00:00:00,0.6553814805150141
dqa331kq4u.example.com,1900-01-01 01:00:00,0.7593280580323583
dqa331kq4u.example.com,1900-01-01 02:00:00,0.5564529664247173
dqa331kq4u.example.com,1900-01-01 03:00:00,0.5755985893671894
dqa331kq4u.example.com,1900-01-01 04:00:00,0.5757261989795022
dqa331kq4u.example.com,1900-01-01 05:00:00,0.7493943723828399
dqa331kq4u.example.com,1900-01-01 06:00:00,0.6946149019043786
dqa331kq4u.example.com,1900-01-01 07:00:00,0.4865246086049929
dqa331kq4u.example.com,1900-01-01 08:00:00,0.48550499415711645
dqa331kq4u.example.com,1900-01-01 09:00:00,0.7302404538537471
dqa331kq4u.example.com,1900-01-01 10:00:00,0.32619768577157116
dqa331kq4u.example.com,1900-01-01 11:00:00,0.27425187250262123
dqa331kq4u.example.com,1900-01-01 12:00:00,0.3165404764776542
dqa331kq4u.example.com,1900-01-01 13:00:00,0.39132415789657393
dqa331kq4u.example.com,1900-01-01 14:00:00,0.6742381123807912
dqa331kq4u.example.com,1900-01-01 15:00:00,0.4176839545099053
dqa331kq4u.example.com,1900-01-01 16:00:00,0.1902486823537093
dqa331kq4u.example.com,1900-01-01 17:00:00,0.44734178251461826
dqa331kq4u.example.com,1900-01-01 18:00:00,0.5481282553098101
dqa331kq4u.example.com,1900-01-01 19:00:00,0.3068946717213249
dqa331kq4u.example.com,1900-01-01 20:00:00,0.27418961388691965
dqa331kq4u.example.com,1900-01-01 21:00:00,0.2576704063704924
dqa331kq4u.example.com,1900-01-01 22:00:00,0.6966862450565449
dqa331kq4u.example.com,1900-01-01 23:00:00,0.4808018238206927
e4nbk2okh9.example.com,1900-01-01 00:00:00,0.25788114166015424
e4nbk2okh9.example.com,1900-01-01 01:00:00,0.30924031874924834
e4nbk2okh9.example.com,1900-01-01 20:00:00,1.0435536296982233
e9c0p498v1.example.com,1900-01-01 00:00:00,0.8800111029579185
e9c0p498v1.example.com,1900-01-01 01:00:00,0.3389087638306235
e9c0p498v1.example.com,1900-01-01 02:00:00,0.4054651081081644
e9c0p498v1.example.com,1900-01-01 20:00:00,1.579932844975518
elc4h9i1vz.example.com,1900-01-01 00:00:00,0.769559486323281
elc4h9i1vz.example.com,1900-01-01 01:00:00,0.8712116598202427
elc4h9i1vz.example.com,1900-01-01 02:00:00,0.7921011455500397
elc4h9i1vz.example.com,1900-01-01 03:00:00,0.7567725806966696
elc4h9i1vz.example.com,1900-01-01 04:00:00,0.8078882177289795
elc4h9i1vz.example.com,1900-01-01 05:00:00,0.7057551755830251
elc4h9i1vz.example.com,1900-01-01 06:00:00,0.8375883682183477
elc4h9i1vz.example.com,1900-01-01 07:00:00,0.8397965558048871
elc4h9i1vz.example.com,1900-01-01 08:00:00,0.909307860280934
elc4h9i1vz.example.com,1900-01-01 09:00:00,0.7478427030995671
elc4h9i1vz.example.com,1900-01-01 10:00:00,0.9000430891733614
elc4h9i1vz.example.com,1900-01-01 11:00:00,0.7867184590822714
elc4h9i1vz.example.com,1900-01-01 12:00:00,0.8527011499320714
elc4h9i1vz.example.com,1900-01-01 13:00:00,0.7544051565853269
elc4h9i1vz.example.com,1900-01-01 14:00:00,0.83370846485041
elc4h9i1vz.example.com,1900-01-01 15:00:00,0.9213538444541426
elc4h9i1vz.example.com,1900-01-01 16:00:00,0.7832809752010419
elc4h9i1vz.example.com,1900-01-01 17:00:00,0.8186171356818586
elc4h9i1vz.example.com,1900-01-01 18:00:00,0.8097782938042567
elc4h9i1vz.example.com,1900-01-01 19:00:00,0.8035174082077022
elc4h9i1vz.example.com,1900-01-01 20:00:00,0.7811851047869244
elc4h9i1vz.example.com,1900-01-01 21:00:00,0.8280539922856247
elc4h9i1vz.example.com,1900-01-01 22:00:00,0.8482380557316443
elc4h9i1vz.example.com,1900-01-01 23:00:00,1.0271774588473235
f8660cg9dt.example.com,1900-01-01 00:00:00,0.45815918678772366
f8660cg9dt.example.com,1900-01-01 01:00:00,0.6184787319919124
f8660cg9dt.example.com,1900-01-01 02:00:00,0.2889096826219499
f8660cg9dt.example.com,1900-01-01 03:00:00,0.4551953749601229
f8660cg9dt.example.com,1900-01-01 04:00:00,0.6085744594686097
f8660cg9dt.example.com,1900-01-01 05:00:00,0.4642415857618321
f8660cg9dt.example.com,1900-01-01 06:00:00,0.39491306832755985
f8660cg9dt.example.com,1900-01-01 07:00:00,0.2823531265845708
f8660cg9dt.example.com,1900-01-01 08:00:00,0.5971721050817483
f8660cg9dt.example.com,1900-01-01 09:00:00,0.38029584528482385
f8660cg9dt.example.com,1900-01-01 10:00:00,0.3637742028281718
f8660cg9dt.example.com,1900-01-01 11:00:00,0.3441410024966761
f8660cg9dt.example.com,1900-01-01 12:00:00,0.41005367462751174
f8660cg9dt.example.com,1900-01-01 13:00:00,0.47917414643369216
f8660cg9dt.example.com,1900-01-01 14:00:00,0.5325436707939363
f8660cg9dt.example.com,1900-01-01 15:00:00,0.31526770438945856
f8660cg9dt.example.com,1900-01-01 16:00:00,0.3344246631501631
f8660cg9dt.example.com,1900-01-01 17:00:00,0.7382445192380042
f8660cg9dt.example.com,1900-01-01 18:00:00,0.3800641995584255
f8660cg9dt.example.com,1900-01-01 19:00:00,0.5174574487932553
f8660cg9dt.example.com,1900-01-01 20:00:00,0.3207216314455299
f8660cg9dt.example.com,1900-01-01 21:00:00,0.3302877283396771
f8660cg9dt.example.com,1900-01-01 22:00:00,0.39385264141603177
f8660cg9dt.example.com,1900-01-01 23:00:00,0.21522506588173435
f9331yazk8.example.com,1900-01-01 00:00:00,0.7840489472682728
f9331yazk8.example.com,1900-01-01 01:00:00,0.7782075903825738
f9331yazk8.example.com,1900-01-01 02:00:00,0.6316244261056986
f9331yazk8.example.com,1900-01-01 03:00:00,0.6672420064182326
f9331yazk8.example.com,1900-01-01 04:00:00,0.9958274113889205
f9331yazk8.example.com,1900-01-01 05:00:00,0.9984679464163192
f9331yazk8.example.com,1900-01-01 06:00:00,0.802975845886209
f9331yazk8.example.com,1900-01-01 07:00:00,0.6726175635766461
f9331yazk8.example.com,1900-01-01 08:00:00,0.8706520098680007
f9331yazk8.example.com,1900-01-01 09:00:00,1.0094398912799367
f9331yazk8.example.com,1900-01-01 10:00:00,0.6980676800907625
f9331yazk8.example.com,1900-01-01 11:00:00,0.9512920955712646
f9331yazk8.example.com,1900-01-01 12:00:00,0.8299266055398659
f9331yazk8.example.com,1900-01-01 13:00:00,1.285746124594716
f9331yazk8.example.com,1900-01-01 14:00:00,0.8222879608511086
f9331yazk8.example.com,1900-01-01 15:00:00,0.7565665479831062
f9331yazk8.example.com,1900-01-01 16:00:00,0.7193637018098692
f9331yazk8.example.com,1900-01-01 17:00:00,1.0426357211760287
f9331yazk8.example.com,1900-01-01 18:00:00,0.8563936847261016
f9331yazk8.example.com,1900-01-01 19:00:00,0.8126265256122278
f9331yazk8.example.com,1900-01-01 20:00:00,0.7920870083507129
f9331yazk8.example.com,1900-01-01 21:00:00,1.045626037177324
f9331yazk8.example.com,1900-01-01 22:00:00,0.901106593218949
f9331yazk8.example.com,1900-01-01 23:00:00,0.9823393321483954
fta8e2owy2.example.com,1900-01-01 00:00:00,0.45010835226524604
fta8e2owy2.example.com,1900-01-01 01:00:00,0.2708661893902822
fta8e2owy2.example.com,1900-01-01 20:00:00,1.293768843738652
g53077658c.example.com,1900-01-01 00:00:00,0.5555393152057477
g53077658c.example.com,1900-01-01 01:00:00,0.24592146472298604
g53077658c.example.com,1900-01-01 02:00:00,0.41787495251294327
g53077658c.example.com,1900-01-01 03:00:00,0.4039224638290532
g53077658c.example.com,1900-01-01 04:00:00,0.5044180019632539
g53077658c.example.com,1900-01-01 05:00:00,0.33707835595231767
g53077658c.example.com,1900-01-01 06:00:00,0.4207419211103881
g53077658c.example.com,1900-01-01 07:00:00,0.610352202722938
g53077658c.example.com,1900-01-01 08:00:00,0.6784878300517502
g53077658c.example.com,1900-01-01 09:00:00,0.3161552809081358
g53077658c.example.com,1900-01-01 10:00:00,0.2771518600109286
g53077658c.example.com,1900-01-01 11:00:00,0.34395692278618856
g53077658c.example.com,1900-01-01 12:00:00,0.725519280802798
g53077658c.example.com,1900-01-01 13:00:00,0.6834986831442947
g53077658c.example.com,1900-01-01 14:00:00,0.44530580280168447
g53077658c.example.com,1900-01-01 15:00:00,0.4693437225667948
g53077658c.example.com,1900-01-01 16:00:00,0.6864018966404728
g53077658c.example.com,1900-01-01 17:00:00,0.6549238914108421
g53077658c.example.com,1900-01-01 18:00:00,0.394472566945228
g53077658c.example.com,1900-01-01 19:00:00,0.20817441706794546
g53077658c.example.com,1900-01-01 20:00:00,0.4173102200383435
g53077658c.example.com,1900-01-01 21:00:00,0.44169932975069903
g53077658c.example.com,1900-01-01 22:00:00,0.31362404715109643
g53077658c.example.com,1900-01-01 23:00:00,0.5206530947761475
gogt8eg5le.example.com,1900-01-01 00:00:00,0.4602843535106034
gogt8eg5le.example.com,1900-01-01 01:00:00,0.4548004827287049
h8821wfs83.example.com,1900-01-01 00:00:00,0.8831525046531975
h8821wfs83.example.com,1900-01-01 01:00:00,0.49784364610096493
h8821wfs83.example.com,1900-01-01 02:00:00,0.46242018050008543
h8821wfs83.example.com,1900-01-01 03:00:00,0.44766773336197074
h8821wfs83.example.com,1900-01-01 04:00:00,0.7548565077147623
h8821wfs83.example.com,1900-01-01 05:00:00,0.45240105211714954
h8821wfs83.example.com,1900-01-01 06:00:00,0.4360323240260793
h8821wfs83.example.com,1900-01-01 07:00:00,0.2551697176950685
h8821wfs83.example.com,1900-01-01 08:00:00,0.2735094085915301
h8821wfs83.example.com,1900-01-01 09:00:00,0.3726572501016967
h8821wfs83.example.com,1900-01-01 10:00:00,0.3372616667705625
h8821wfs83.example.com,1900-01-01 11:00:00,0.36257434560420543
h8821wfs83.example.com,1900-01-01 12:00:00,0.2325067923351216
h8821wfs83.example.com,1900-01-01 13:00:00,0.1825566697705443
h8821wfs83.example.com,1900-01-01 14:00:00,0.2412239967218999
h8821wfs83.example.com,1900-01-01 15:00:00,0.2234797489799244
h8821wfs83.example.com,1900-01-01 16:00:00,0.34068811734254445
h8821wfs83.example.com,1900-01-01 17:00:00,0.2967483273454824
h8821wfs83.example.com,1900-01-01 18:00:00,0.2690908225723353
h8821wfs83.example.com,1900-01-01 19:00:00,0.28445394006265834
h8821wfs83.example.com,1900-01-01 20:00:00,0.36866944619394654
h8821wfs83.example.com,1900-01-01 21:00:00,0.2368575689084057
h8821wfs83.example.com,1900-01-01 22:00:00,0.16980784609002522
h8821wfs83.example.com,1900-01-01 23:00:00,0.2097069157024481
h9ik2l30n6.example.com,1900-01-01 00:00:00,0.5944565544361831
h9ik2l30n6.example.com,1900-01-01 01:00:00,0.3165133745131547
i49jdd7463.example.com,1900-01-01 00:00:00,0.9678917080827026
i49jdd7463.example.com,1900-01-01 01:00:00,0.6472487317149825
i49jdd7463.example.com,1900-01-01 09:00:00,0.26462233210354724
i49jdd7463.example.com,1900-01-01 10:00:00,0.9788701088517647
i49jdd7463.example.com,1900-01-01 11:00:00,0.9720805985570206
i49jdd7463.example.com,1900-01-01 12:00:00,0.9961358175420765
i49jdd7463.example.com,1900-01-01 13:00:00,1.0735315290228462
i49jdd7463.example.com,1900-01-01 14:00:00,1.0544969153380828
i49jdd7463.example.com,1900-01-01 15:00:00,0.9562652712294972
i49jdd7463.example.com,1900-01-01 16:00:00,1.0264700911214881
i49jdd7463.example.com,1900-01-01 17:00:00,1.171933980616169
i49jdd7463.example.com,1900-01-01 18:00:00,1.0649191407235647
i49jdd7463.example.com,1900-01-01 19:00:00,1.0484294056762693
i49jdd7463.example.com,1900-01-01 20:00:00,1.023421604185696
i49jdd7463.example.com,1900-01-01 21:00:00,1.0138143599867144
i49jdd7463.example.com,1900-01-01 22:00:00,1.267786350869495
i49jdd7463.example.com,1900-01-01 23:00:00,0.9357116968624023
i4z2k5s585.example.com,1900-01-01 00:00:00,0.3462483000983215
i4z2k5s585.example.com,1900-01-01 01:00:00,0.27274089085922465
i4z2k5s585.example.com,1900-01-01 02:00:00,0.28537321550898126
i4z2k5s585.example.com,1900-01-01 03:00:00,0.28631266662032423
i51e161h13.example.com,1900-01-01 00:00:00,4.474263916140292
i563eh17wa.example.com,1900-01-01 00:00:00,0.06372761346136815
i563eh17wa.example.com,1900-01-01 01:00:00,0.033849107473615414
i563eh17wa.example.com,1900-01-01 02:00:00,0.06912667283768431
i563eh17wa.example.com,1900-01-01 03:00:00,0.07076219765760346
i563eh17wa.example.com,1900-01-01 04:00:00,0.05500620148784206
i563eh17wa.example.com,1900-01-01 05:00:00,0.049498216384568985
i563eh17wa.example.com,1900-01-01 06:00:00,0.06298127323711472
i563eh17wa.example.com,1900-01-01 07:00:00,0.05996962109728481
i563eh17wa.example.com,1900-01-01 08:00:00,0.0718360754152378
i563eh17wa.example.com,1900-01-01 09:00:00,0.06941032960588985
i563eh17wa.example.com,1900-01-01 10:00:00,0.04989718204334149
i563eh17wa.example.com,1900-01-01 11:00:00,0.062098985218550465
i563eh17wa.example.com,1900-01-01 12:00:00,0.09483703153053706
i563eh17wa.example.com,1900-01-01 13:00:00,0.0497563074890496
i563eh17wa.example.com,1900-01-01 14:00:00,0.0668389872314569
i563eh17wa.example.com,1900-01-01 15:00:00,0.0636680354407417
i563eh17wa.example.com,1900-01-01 16:00:00,0.05675194821184923
i563eh17wa.example.com,1900-01-01 17:00:00,0.057265702772380064
i563eh17wa.example.com,1900-01-01 18:00:00,0.12080170321549911
i563eh17wa.example.com,1900-01-01 19:00:00,0.052864933377255036
i563eh17wa.example.com,1900-01-01 20:00:00,0.127724952592533
i563eh17wa.example.com,1900-01-01 21:00:00,0.06803087919618846
i563eh17wa.example.com,1900-01-01 22:00:00,0.07728233306217352
i563eh17wa.example.com,1900-01-01 23:00:00,0.06577659243164918
j46j4n1xml.example.com,1900-01-01 00:00:00,0.4273123470546898
j46j4n1xml.example.com,1900-01-01 01:00:00,0.7460097741538109
j46j4n1xml.example.com,1900-01-01 02:00:00,0.24937850629325603
j46j4n1xml.example.com,1900-01-01 13:00:00,0.94779548149106
j46j4n1xml.example.com,1900-01-01 14:00:00,0.671591248959691
j46j4n1xml.example.com,1900-01-01 15:00:00,0.3530951877773258
j46j4n1xml.example.com,1900-01-01 16:00:00,0.6396772503885223
j46j4n1xml.example.com,1900-01-01 17:00:00,0.5418102094025762
j46j4n1xml.example.com,1900-01-01 18:00:00,0.8055625097791684
j46j4n1xml.example.com,1900-01-01 19:00:00,0.6286275987168647
j46j4n1xml.example.com,1900-01-01 20:00:00,0.44848190150544504
j46j4n1xml.example.com,1900-01-01 21:00:00,0.5028971573316713
j46j4n1xml.example.com,1900-01-01 22:00:00,0.6529140255250468
j46j4n1xml.example.com,1900-01-01 23:00:00,0.7057664669398359
j4oags8u5r.example.com,1900-01-01 00:00:00,0.44870994030637334
j4oags8u5r.example.com,1900-01-01 01:00:00,0.3812978134746254
j95cqyz6g4.example.com,1900-01-01 00:00:00,0.3498270615202368
j95cqyz6g4.example.com,1900-01-01 01:00:00,0.5079443565550269
jg630tu182.example.com,1900-01-01 00:00:00,1.3718926462922567
jg630tu182.example.com,1900-01-01 01:00:00,1.330572806519688
jg630tu182.example.com,1900-01-01 20:00:00,1.286503195653588
jh119dap00.example.com,1900-01-01 00:00:00,1.0935287448844813
jh119dap00.example.com,1900-01-01 01:00:00,1.3472393880849178
jj26zaw9bo.example.com,1900-01-01 00:00:00,0.592413623961756
jj26zaw9bo.example.com,1900-01-01 01:00:00,0.4652880454627725
jj26zaw9bo.example.com,1900-01-01 02:00:00,0.41954681399825755
jj26zaw9bo.example.com,1900-01-01 03:00:00,0.5180631528659841
jj26zaw9bo.example.com,1900-01-01 04:00:00,0.474873436584316
jj26zaw9bo.example.com,1900-01-01 05:00:00,0.49350455080892774
jj26zaw9bo.example.com,1900-01-01 06:00:00,0.5149062759994917
jj26zaw9bo.example.com,1900-01-01 07:00:00,0.3955041499168578
jj26zaw9bo.example.com,1900-01-01 08:00:00,0.6653923204939117
jj26zaw9bo.example.com,1900-01-01 09:00:00,0.49130064281582886
jj26zaw9bo.example.com,1900-01-01 10:00:00,0.45134411211833614
jj26zaw9bo.example.com,1900-01-01 11:00:00,0.5052261441071164
jj26zaw9bo.example.com,1900-01-01 12:00:00,0.6552253946679062
jj26zaw9bo.example.com,1900-01-01 13:00:00,0.6642959871244415
jj26zaw9bo.example.com,1900-01-01 14:00:00,0.5520521483589478
jj26zaw9bo.example.com,1900-01-01 15:00:00,0.4557511975074489
jj26zaw9bo.example.com,1900-01-01 16:00:00,0.5302587792568918
jj26zaw9bo.example.com,1900-01-01 17:00:00,0.6046566297233829
jj26zaw9bo.example.com,1900-01-01 18:00:00,0.5464609859120345
jj26zaw9bo.example.com,1900-01-01 19:00:00,0.47950378879069816
jj26zaw9bo.example.com,1900-01-01 20:00:00,0.5158328095955953
jj26zaw9bo.example.com,1900-01-01 21:00:00,0.6891949550975989
jj26zaw9bo.example.com,1900-01-01 22:00:00,0.5742287118063408
jj26zaw9bo.example.com,1900-01-01 23:00:00,0.44084289767690193
kp27n9w921.example.com,1900-01-01 00:00:00,0.2742138523083267
kp27n9w921.example.com,1900-01-01 01:00:00,0.1369553920598503
kp27n9w921.example.com,1900-01-01 02:00:00,0.2873892945797707
kp27n9w921.example.com,1900-01-01 03:00:00,1.0038404249632034
kp27n9w921.example.com,1900-01-01 04:00:00,0.16081535535911642
kp27n9w921.example.com,1900-01-01 05:00:00,0.12772912228118796
kp27n9w921.example.com,1900-01-01 06:00:00,0.20565341276443497
kp27n9w921.example.com,1900-01-01 07:00:00,0.72312308215925
kp27n9w921.example.com,1900-01-01 08:00:00,0.27105601558162384
kp27n9w921.example.com,1900-01-01 09:00:00,0.24584744784179513
kp27n9w921.example.com,1900-01-01 10:00:00,0.29127404248951067
kp27n9w921.example.com,1900-01-01 11:00:00,0.5294623844446419
kp27n9w921.example.com,1900-01-01 12:00:00,0.2883295334255219
kp27n9w921.example.com,1900-01-01 13:00:00,0.561369038771808
kp27n9w921.example.com,1900-01-01 14:00:00,0.3992204896358233
kp27n9w921.example.com,1900-01-01 15:00:00,0.3542506104465059
kp27n9w921.example.com,1900-01-01 16:00:00,0.4768548675036856
kp27n9w921.example.com,1900-01-01 17:00:00,0.32862586271510313
kp27n9w921.example.com,1900-01-01 18:00:00,0.34798388631141053
kp27n9w921.example.com,1900-01-01 19:00:00,0.24563741087767876
kp27n9w921.example.com,1900-01-01 20:00:00,0.13385007665043713
kp27n9w921.example.com,1900-01-01 21:00:00,0.1826643056591063
kp27n9w921.example.com,1900-01-01 22:00:00,0.1555366363058221
kp27n9w921.example.com,1900-01-01 23:00:00,0.18565040283682865
l13694ox2s.example.com,1900-01-01 00:00:00,2.9128939952449864
lu7keu15en.example.com,1900-01-01 00:00:00,0.3494252929640416
lu7keu15en.example.com,1900-01-01 01:00:00,0.395385243574445
lu7keu15en.example.com,1900-01-01 20:00:00,1.1650602371943501
lw6mq37163.example.com,1900-01-01 00:00:00,0.039697937518790624
lw6mq37163.example.com,1900-01-01 01:00:00,0.06691912301095963
lw6mq37163.example.com,1900-01-01 02:00:00,0.0439488130518122
lw6mq37163.example.com,1900-01-01 03:00:00,0.05429835651668673
lw6mq37163.example.com,1900-01-01 04:00:00,0.06330320520381763
lw6mq37163.example.com,1900-01-01 05:00:00,0.12453814906558153
lw6mq37163.example.com,1900-01-01 06:00:00,0.05401128462325113
lw6mq37163.example.com,1900-01-01 07:00:00,0.042283878831871215
lw6mq37163.example.com,1900-01-01 08:00:00,0.04943069972043527
lw6mq37163.example.com,1900-01-01 09:00:00,0.06523475224148106
lw6mq37163.example.com,1900-01-01 10:00:00,0.05579022400821877
lw6mq37163.example.com,1900-01-01 11:00:00,0.06129146500440408
lw6mq37163.example.com,1900-01-01 12:00:00,0.07924097930948262
lw6mq37163.example.com,1900-01-01 13:00:00,0.07121999638191656
lw6mq37163.example.com,1900-01-01 14:00:00,0.05558275933736447
lw6mq37163.example.com,1900-01-01 15:00:00,0.05550317787844194
lw6mq37163.example.com,1900-01-01 16:00:00,0.05484655372662442
lw6mq37163.example.com,1900-01-01 17:00:00,0.06979988671572741
lw6mq37163.example.com,1900-01-01 18:00:00,0.1182470350279684
lw6mq37163.example.com,1900-01-01 19:00:00,0.09328960326539083
lw6mq37163.example.com,1900-01-01 20:00:00,0.04878459078365765
lw6mq37163.example.com,1900-01-01 21:00:00,0.1335916954051727
lw6mq37163.example.com,1900-01-01 22:00:00,0.05721388113862929
lw6mq37163.example.com,1900-01-01 23:00:00,0.04201930884443876
lxkb5ebz3w.example.com,1900-01-01 00:00:00,0.21546188620765575
lxkb5ebz3w.example.com,1900-01-01 01:00:00,0.30836358340875897
lxkb5ebz3w.example.com,1900-01-01 02:00:00,0.22438970660927152
lxkb5ebz3w.example.com,1900-01-01 03:00:00,0.3471611160830822
lxkb5ebz3w.example.com,1900-01-01 04:00:00,0.28526635178007076
lxkb5ebz3w.example.com,1900-01-01 05:00:00,0.1917497289936887
lxkb5ebz3w.example.com,1900-01-01 06:00:00,0.3219929470049368
lxkb5ebz3w.example.com,1900-01-01 07:00:00,0.3923402319763897
lxkb5ebz3w.example.com,1900-01-01 08:00:00,0.8454215708708579
lxkb5ebz3w.example.com,1900-01-01 09:00:00,0.33011267638070724
lxkb5ebz3w.example.com,1900-01-01 10:00:00,0.2356472895585244
lxkb5ebz3w.example.com,1900-01-01 11:00:00,0.2771301216309252
lxkb5ebz3w.example.com,1900-01-01 12:00:00,0.4213235679266313
lxkb5ebz3w.example.com,1900-01-01 13:00:00,0.24654780497765652
lxkb5ebz3w.example.com,1900-01-01 14:00:00,0.3274849354392267
lxkb5ebz3w.example.com,1900-01-01 15:00:00,0.5666996306981394
lxkb5ebz3w.example.com,1900-01-01 16:00:00,0.31211644868944705
lxkb5ebz3w.example.com,1900-01-01 17:00:00,0.2579268847393874
lxkb5ebz3w.example.com,1900-01-01 18:00:00,0.3030901401848342
lxkb5ebz3w.example.com,1900-01-01 19:00:00,0.39782006047397206
lxkb5ebz3w.example.com,1900-01-01 20:00:00,0.24007320141202593
lxkb5ebz3w.example.com,1900-01-01 21:00:00,0.47840085950919414
lxkb5ebz3w.example.com,1900-01-01 22:00:00,0.3125259608468426
lxkb5ebz3w.example.com,1900-01-01 23:00:00,0.2973315450180783
n1zr00bg71.example.com,1900-01-01 00:00:00,0.6564010054913076
n1zr00bg71.example.com,1900-01-01 01:00:00,0.36852859612890215
n1zr00bg71.example.com,1900-01-01 02:00:00,0.26123817802525173
n1zr00bg71.example.com,1900-01-01 03:00:00,0.3496723610828268
n1zr00bg71.example.com,1900-01-01 04:00:00,0.4430180706541188
n1zr00bg71.example.com,1900-01-01 05:00:00,0.2625937913312493
n1zr00bg71.example.com,1900-01-01 06:00:00,0.35559884765877225
n1zr00bg71.example.com,1900-01-01 07:00:00,0.275332340498937
n1zr00bg71.example.com,1900-01-01 08:00:00,0.2646407926917015
n1zr00bg71.example.com,1900-01-01 09:00:00,0.27417754427620605
n1zr00bg71.example.com,1900-01-01 10:00:00,0.15943274365765406
n1zr00bg71.example.com,1900-01-01 11:00:00,0.3386278746471896
n1zr00bg71.example.com,1900-01-01 12:00:00,0.5535669145447957
n1zr00bg71.example.com,1900-01-01 13:00:00,0.2230569094605328
n1zr00bg71.example.com,1900-01-01 14:00:00,0.37766616398868075
n1zr00bg71.example.com,1900-01-01 15:00:00,0.4636227510099833
n1zr00bg71.example.com,1900-01-01 16:00:00,0.64741747527441
n1zr00bg71.example.com,1900-01-01 17:00:00,0.46127716963290966
n1zr00bg71.example.com,1900-01-01 18:00:00,0.30090066471301663
n1zr00bg71.example.com,1900-01-01 19:00:00,0.4585793323121151
n1zr00bg71.example.com,1900-01-01 20:00:00,0.33031332876142555
n1zr00bg71.example.com,1900-01-01 21:00:00,0.31353152928366834
n1zr00bg71.example.com,1900-01-01 22:00:00,0.23305735334963956
n1zr00bg71.example.com,1900-01-01 23:00:00,0.6258120435844192
np0255gv00.example.com,1900-01-01 00:00:00,1.0320431038370808
np9r7i9lhy.example.com,1900-01-01 00:00:00,0.48255435716568806
np9r7i9lhy.example.com,1900-01-01 01:00:00,0.4460760904386435
np9r7i9lhy.example.com,1900-01-01 20:00:00,1.8408798510506326
o9q2fe230w.example.com,1900-01-01 00:00:00,0.5196496976711215
o9q2fe230w.example.com,1900-01-01 01:00:00,0.4959287817648275
o9q2fe230w.example.com,1900-01-01 02:00:00,0.5543860912066935
o9q2fe230w.example.com,1900-01-01 03:00:00,0.5164680691572539
o9q2fe230w.example.com,1900-01-01 04:00:00,0.5153138712894285
o9q2fe230w.example.com,1900-01-01 05:00:00,0.5036385091089622
o9q2fe230w.example.com,1900-01-01 06:00:00,0.5067820262971089
o9q2fe230w.example.com,1900-01-01 07:00:00,0.5188428247848935
o9q2fe230w.example.com,1900-01-01 08:00:00,0.5457399559353783
o9q2fe230w.example.com,1900-01-01 09:00:00,0.5018849569157792
o9q2fe230w.example.com,1900-01-01 10:00:00,0.4858143697555987
o9q2fe230w.example.com,1900-01-01 11:00:00,0.5863332901809623
o9q2fe230w.example.com,1900-01-01 12:00:00,0.5935291904128074
o9q2fe230w.example.com,1900-01-01 13:00:00,0.5563635551358733
o9q2fe230w.example.com,1900-01-01 14:00:00,0.5959330827566808
o9q2fe230w.example.com,1900-01-01 15:00:00,0.6064964081258105
o9q2fe230w.example.com,1900-01-01 16:00:00,0.5789446971047431
o9q2fe230w.example.com,1900-01-01 17:00:00,0.5727811400902713
o9q2fe230w.example.com,1900-01-01 18:00:00,0.5891866005367487
o9q2fe230w.example.com,1900-01-01 19:00:00,0.5674134226766895
o9q2fe230w.example.com,1900-01-01 20:00:00,0.5832832667724249
o9q2fe230w.example.com,1900-01-01 21:00:00,0.5298141167016596
o9q2fe230w.example.com,1900-01-01 22:00:00,0.5051305051907425
o9q2fe230w.example.com,1900-01-01 23:00:00,0.5016272318663845
obc27l4ab7.example.com,1900-01-01 00:00:00,0.6418271713471614
obc27l4ab7.example.com,1900-01-01 01:00:00,0.4127967164526219
obc27l4ab7.example.com,1900-01-01 02:00:00,0.3587705952982824
obc27l4ab7.example.com,1900-01-01 03:00:00,0.3599101219103318
obc27l4ab7.example.com,1900-01-01 04:00:00,0.49720249882681994
obc27l4ab7.example.com,1900-01-01 05:00:00,0.35521034333188245
obc27l4ab7.example.com,1900-01-01 06:00:00,0.24581741958034573
obc27l4ab7.example.com,1900-01-01 07:00:00,0.46062229591276865
obc27l4ab7.example.com,1900-01-01 08:00:00,0.3932478835913968
obc27l4ab7.example.com,1900-01-01 09:00:00,0.5532551472320772
obc27l4ab7.example.com,1900-01-01 10:00:00,0.3682588345630311
obc27l4ab7.example.com,1900-01-01 11:00:00,0.36114689414154316
obc27l4ab7.example.com,1900-01-01 12:00:00,0.5752600258577497
obc27l4ab7.example.com,1900-01-01 13:00:00,0.3226695386992923
obc27l4ab7.example.com,1900-01-01 14:00:00,0.3915134935061554
obc27l4ab7.example.com,1900-01-01 15:00:00,0.4324835341954026
obc27l4ab7.example.com,1900-01-01 16:00:00,0.552848420458733
obc27l4ab7.example.com,1900-01-01 17:00:00,0.3811226579397245
obc27l4ab7.example.com,1900-01-01 18:00:00,0.4786788051816574
obc27l4ab7.example.com,1900-01-01 19:00:00,0.3053446004956251
obc27l4ab7.example.com,1900-01-01 20:00:00,0.4266875543438292
obc27l4ab7.example.com,1900-01-01 21:00:00,0.53336359105674
obc27l4ab7.example.com,1900-01-01 22:00:00,0.2777249393396517
obc27l4ab7.example.com,1900-01-01 23:00:00,0.24836148277096
p3jw069lt3.example.com,1900-01-01 00:00:00,1.3239535890541183
p3jw069lt3.example.com,1900-01-01 01:00:00,0.8327663527625732
p3jw069lt3.example.com,1900-01-01 02:00:00,0.7199710361260231
p3jw069lt3.example.com,1900-01-01 03:00:00,0.7061546636283025
p3jw069lt3.example.com,1900-01-01 04:00:00,0.7776569242050494
p3jw069lt3.example.com,1900-01-01 05:00:00,0.6101941412980677
p3jw069lt3.example.com,1900-01-01 06:00:00,0.6636734228750689
p3jw069lt3.example.com,1900-01-01 07:00:00,0.8534353988329655
p3jw069lt3.example.com,1900-01-01 08:00:00,0.7577369862654505
p3jw069lt3.example.com,1900-01-01 09:00:00,0.7470600497873068
p3jw069lt3.example.com,1900-01-01 10:00:00,0.6259742455199128
p3jw069lt3.example.com,1900-01-01 11:00:00,0.836767102946592
p3jw069lt3.example.com,1900-01-01 12:00:00,0.8343274289410336
p3jw069lt3.example.com,1900-01-01 13:00:00,0.8401709201031363
p3jw069lt3.example.com,1900-01-01 14:00:00,0.777273254292302
p3jw069lt3.example.com,1900-01-01 15:00:00,0.7818959859443639
p3jw069lt3.example.com,1900-01-01 16:00:00,0.8617561535050658
p3jw069lt3.example.com,1900-01-01 17:00:00,0.8438092558240453
p3jw069lt3.example.com,1900-01-01 18:00:00,0.8961638698355702
p3jw069lt3.example.com,1900-01-01 19:00:00,0.8314084216896438
p3jw069lt3.example.com,1900-01-01 20:00:00,0.684057536473683
p3jw069lt3.example.com,1900-01-01 21:00:00,0.7699902684063158
p3jw069lt3.example.com,1900-01-01 22:00:00,0.822407707426317
p3jw069lt3.example.com,1900-01-01 23:00:00,0.7939923855125604
pb19q598sp.example.com,1900-01-01 00:00:00,1.1743674762299785
pb19q598sp.example.com,1900-01-01 01:00:00,1.4743970661698926
pb19q598sp.example.com,1900-01-01 02:00:00,1.912408200727677
pb19q598sp.example.com,1900-01-01 03:00:00,1.8613283092653168
pb19q598sp.example.com,1900-01-01 04:00:00,1.315590060697997
pb19q598sp.example.com,1900-01-01 05:00:00,1.2605341060716284
pb19q598sp.example.com,1900-01-01 06:00:00,1.3157961841657155
pb19q598sp.example.com,1900-01-01 07:00:00,1.1656855074887318
pb19q598sp.example.com,1900-01-01 08:00:00,1.1968620248854678
pb19q598sp.example.com,1900-01-01 09:00:00,1.255070100884251
pb19q598sp.example.com,1900-01-01 10:00:00,1.4587513800368401
pb19q598sp.example.com,1900-01-01 11:00:00,1.09585495483357
pb19q598sp.example.com,1900-01-01 12:00:00,1.2571630059006402
pb19q598sp.example.com,1900-01-01 13:00:00,1.1489773815073743
pb19q598sp.example.com,1900-01-01 14:00:00,1.3844445925736852
pb19q598sp.example.com,1900-01-01 15:00:00,0.9928214144912751
pb19q598sp.example.com,1900-01-01 16:00:00,1.3426989413761763
pb19q598sp.example.com,1900-01-01 17:00:00,1.1034854515138337
pb19q598sp.example.com,1900-01-01 18:00:00,1.8536483565432986
pb19q598sp.example.com,1900-01-01 19:00:00,1.186772409878038
pb19q598sp.example.com,1900-01-01 20:00:00,1.4314735033447425
pb19q598sp.example.com,1900-01-01 21:00:00,1.027182842763501
pb19q598sp.example.com,1900-01-01 22:00:00,1.4530030495202242
pb19q598sp.example.com,1900-01-01 23:00:00,1.0830406474440206
poftrc3hw4.example.com,1900-01-01 00:00:00,1.095273387402595
s2effae42x.example.com,1900-01-01 00:00:00,4.329021349349984
sbf1g4j78k.example.com,1900-01-01 11:00:00,1.167631846064137
sbf1g4j78k.example.com,1900-01-01 12:00:00,0.7094829889220701
sbf1g4j78k.example.com,1900-01-01 13:00:00,0.6435547237732943
sbf1g4j78k.example.com,1900-01-01 14:00:00,0.701315184430446
sbf1g4j78k.example.com,1900-01-01 15:00:00,0.6303598883178805
sbf1g4j78k.example.com,1900-01-01 16:00:00,0.7122801806728432
sbf1g4j78k.example.com,1900-01-01 17:00:00,0.31955629336207964
sbf1g4j78k.example.com,1900-01-01 18:00:00,0.12522811110026213
sbf1g4j78k.example.com,1900-01-01 19:00:00,0.2048194826177201
sbf1g4j78k.example.com,1900-01-01 20:00:00,0.3957277939432219
sbf1g4j78k.example.com,1900-01-01 21:00:00,0.11719139384077783
sbf1g4j78k.example.com,1900-01-01 22:00:00,0.19926639180402086
sdzdee1884.example.com,1900-01-01 00:00:00,2.339228987327031
sdzdee1884.example.com,1900-01-01 01:00:00,2.0786251720805167
sw01r61869.example.com,1900-01-01 00:00:00,0.6931471805599453
t23kn15n9k.example.com,1900-01-01 00:00:00,0.6367328725415236
t23kn15n9k.example.com,1900-01-01 01:00:00,0.35355410652273167
t23kn15n9k.example.com,1900-01-01 02:00:00,0.38499763412378735
t23kn15n9k.example.com,1900-01-01 03:00:00,0.46606778569597673
t23kn15n9k.example.com,1900-01-01 04:00:00,0.5570532330646948
t23kn15n9k.example.com,1900-01-01 05:00:00,0.3534453225413799
t23kn15n9k.example.com,1900-01-01 06:00:00,0.4117852169088601
t23kn15n9k.example.com,1900-01-01 07:00:00,0.35891823768847525
t23kn15n9k.example.com,1900-01-01 08:00:00,0.3932764435988347
t23kn15n9k.example.com,1900-01-01 09:00:00,0.40969361164378504
t23kn15n9k.example.com,1900-01-01 10:00:00,0.5464679937029486
t23kn15n9k.example.com,1900-01-01 11:00:00,0.551509276369167
t23kn15n9k.example.com,1900-01-01 12:00:00,0.8508543481570051
t23kn15n9k.example.com,1900-01-01 13:00:00,0.6780099036722443
t23kn15n9k.example.com,1900-01-01 14:00:00,0.6899010594459912
t23kn15n9k.example.com,1900-01-01 15:00:00,0.7183874543133717
t23kn15n9k.example.com,1900-01-01 16:00:00,0.7457015568473423
t23kn15n9k.example.com,1900-01-01 17:00:00,0.7457267221224492
t23kn15n9k.example.com,1900-01-01 18:00:00,0.7099980239574011
t23kn15n9k.example.com,1900-01-01 19:00:00,0.7845030083372843
t23kn15n9k.example.com,1900-01-01 20:00:00,0.7005273532551619
t23kn15n9k.example.com,1900-01-01 21:00:00,0.8369051770145998
t23kn15n9k.example.com,1900-01-01 22:00:00,0.6957121268598674
t23kn15n9k.example.com,1900-01-01 23:00:00,0.6686249473040246
uzn0t6y9fi.example.com,1900-01-01 00:00:00,0.5779670707433463
uzn0t6y9fi.example.com,1900-01-01 01:00:00,0.5942399817388754
uzn0t6y9fi.example.com,1900-01-01 02:00:00,0.5832449978080845
uzn0t6y9fi.example.com,1900-01-01 03:00:00,0.5371334636276984
uzn0t6y9fi.example.com,1900-01-01 04:00:00,0.5157421158583116
uzn0t6y9fi.example.com,1900-01-01 05:00:00,0.4881078603678651
uzn0t6y9fi.example.com,1900-01-01 06:00:00,0.5137808775144869
uzn0t6y9fi.example.com,1900-01-01 07:00:00,0.5220595899078222
uzn0t6y9fi.example.com,1900-01-01 08:00:00,0.495968610101565
uzn0t6y9fi.example.com,1900-01-01 09:00:00,0.4881890674455456
uzn0t6y9fi.example.com,1900-01-01 10:00:00,0.5327353351419806
uzn0t6y9fi.example.com,1900-01-01 11:00:00,0.5472403267893423
uzn0t6y9fi.example.com,1900-01-01 12:00:00,0.5743030410625405
uzn0t6y9fi.example.com,1900-01-01 13:00:00,0.593620132991591
uzn0t6y9fi.example.com,1900-01-01 14:00:00,0.6216694687290142
uzn0t6y9fi.example.com,1900-01-01 15:00:00,0.625787012918518
uzn0t6y9fi.example.com,1900-01-01 16:00:00,0.5620959031391228
uzn0t6y9fi.example.com,1900-01-01 17:00:00,0.5969067328054892
uzn0t6y9fi.example.com,1900-01-01 18:00:00,0.5645616788086337
uzn0t6y9fi.example.com,1900-01-01 19:00:00,0.5694163738637474
uzn0t6y9fi.example.com,1900-01-01 20:00:00,0.5561890078963332
uzn0t6y9fi.example.com,1900-01-01 21:00:00,0.5836070962734866
uzn0t6y9fi.example.com,1900-01-01 22:00:00,0.5561394810753416
uzn0t6y9fi.example.com,1900-01-01 23:00:00,0.5282060726204796
v5uaeng3kp.example.com,1900-01-01 00:00:00,0.36469627771921653
v5uaeng3kp.example.com,1900-01-01 01:00:00,0.6683688463448384
v8c0180616.example.com,1900-01-01 00:00:00,0.3295996120259905
v8c0180616.example.com,1900-01-01 01:00:00,0.426185772984598
v8c0180616.example.com,1900-01-01 02:00:00,0.2827500292374258
v8c0180616.example.com,1900-01-01 03:00:00,0.489716575530589
v8c0180616.example.com,1900-01-01 04:00:00,0.6622065260348037
v8c0180616.example.com,1900-01-01 05:00:00,0.40959811186675255
v8c0180616.example.com,1900-01-01 06:00:00,0.3407988373512626
v8c0180616.example.com,1900-01-01 07:00:00,0.3650724074073669
v8c0180616.example.com,1900-01-01 08:00:00,0.5056516119191242
v8c0180616.example.com,1900-01-01 09:00:00,0.5030849105333488
v8c0180616.example.com,1900-01-01 10:00:00,0.44329697480243097
v8c0180616.example.com,1900-01-01 11:00:00,0.4200466303166213
v8c0180616.example.com,1900-01-01 12:00:00,0.520366232821181
v8c0180616.example.com,1900-01-01 13:00:00,0.3599007071879666
v8c0180616.example.com,1900-01-01 14:00:00,0.42018858791882646
v8c0180616.example.com,1900-01-01 15:00:00,0.4353927783001682
v8c0180616.example.com,1900-01-01 16:00:00,0.382482709695538
v8c0180616.example.com,1900-01-01 17:00:00,0.461031728000484
v8c0180616.example.com,1900-01-01 18:00:00,0.423042246343233
v8c0180616.example.com,1900-01-01 19:00:00,0.38689809522756985
v8c0180616.example.com,1900-01-01 20:00:00,0.39026656582171554
v8c0180616.example.com,1900-01-01 21:00:00,0.4121910281088952
v8c0180616.example.com,1900-01-01 22:00:00,0.530892252550394
v8c0180616.example.com,1900-01-01 23:00:00,0.41027562589335365
wge551iw52.example.com,1900-01-01 11:00:00,0.7146762184130023
wge551iw52.example.com,1900-01-01 12:00:00,0.4251291285002748
wge551iw52.example.com,1900-01-01 13:00:00,0.38982642366286624
wge551iw52.example.com,1900-01-01 14:00:00,0.3344760099108546
wge551iw52.example.com,1900-01-01 15:00:00,0.32236976942515216
wge551iw52.example.com,1900-01-01 16:00:00,0.4483066649081086
wge551iw52.example.com,1900-01-01 17:00:00,0.33183067016896933
wge551iw52.example.com,1900-01-01 18:00:00,0.30751477986575326
wge551iw52.example.com,1900-01-01 19:00:00,0.3845726349093606
wge551iw52.example.com,1900-01-01 20:00:00,0.3004371767722428
wge551iw52.example.com,1900-01-01 21:00:00,0.30587413186505186
wge551iw52.example.com,1900-01-01 22:00:00,0.2569195361147874
y53b7oyu60.example.com,1900-01-01 11:00:00,0.9842397763677663
y53b7oyu60.example.com,1900-01-01 12:00:00,0.6631849747099587
y53b7oyu60.example.com,1900-01-01 13:00:00,0.5514079406636824
y53b7oyu60.example.com,1900-01-01 14:00:00,0.6119909162461072
y53b7oyu60.example.com,1900-01-01 15:00:00,0.8368814661729042
y53b7oyu60.example.com,1900-01-01 16:00:00,0.682883831434136
y53b7oyu60.example.com,1900-01-01 17:00:00,0.5282506889361636
y53b7oyu60.example.com,1900-01-01 18:00:00,0.5493691789971558
y53b7oyu60.example.com,1900-01-01 19:00:00,0.5496875733206763
y53b7oyu60.example.com,1900-01-01 20:00:00,0.6446921272954979
y53b7oyu60.example.com,1900-01-01 21:00:00,0.6397555550934436
y53b7oyu60.example.com,1900-01-01 22:00:00,0.5606081157918271
y83a5q45dh.example.com,1900-01-01 00:00:00,1.1051833473159045
y83a5q45dh.example.com,1900-01-01 01:00:00,1.2199283515294468
y83a5q45dh.example.com,1900-01-01 02:00:00,0.9073150068364515
y83a5q45dh.example.com,1900-01-01 03:00:00,0.9273792282638609
y83a5q45dh.example.com,1900-01-01 04:00:00,0.9476630824702085
y83a5q45dh.example.com,1900-01-01 05:00:00,0.8894922841920639
y83a5q45dh.example.com,1900-01-01 06:00:00,0.8877557504937194
y83a5q45dh.example.com,1900-01-01 07:00:00,0.9285392719910168
y83a5q45dh.example.com,1900-01-01 08:00:00,1.0349564987867186
y83a5q45dh.example.com,1900-01-01 09:00:00,0.8963171173486212
y83a5q45dh.example.com,1900-01-01 10:00:00,1.2640878160065532
y83a5q45dh.example.com,1900-01-01 11:00:00,0.8724076853479686
y83a5q45dh.example.com,1900-01-01 12:00:00,0.9843309876904623
y83a5q45dh.example.com,1900-01-01 13:00:00,0.9664598643842108
y83a5q45dh.example.com,1900-01-01 14:00:00,0.8766502311254725
y83a5q45dh.example.com,1900-01-01 15:00:00,0.8913821117867129
y83a5q45dh.example.com,1900-01-01 16:00:00,0.9769211544607295
y83a5q45dh.example.com,1900-01-01 17:00:00,1.1155422823687695
y83a5q45dh.example.com,1900-01-01 18:00:00,0.7226051743873645
y83a5q45dh.example.com,1900-01-01 19:00:00,0.7498291055876237
y83a5q45dh.example.com,1900-01-01 20:00:00,0.8958196982213702
y83a5q45dh.example.com,1900-01-01 21:00:00,0.8084373801419243
y83a5q45dh.example.com,1900-01-01 22:00:00,0.6131127338649791
y83a5q45dh.example.com,1900-01-01 23:00:00,0.7468332194654284
zlc9q3dcp7.example.com,1900-01-01 00:00:00,0.8391948179822414
zlc9q3dcp7.example.com,1900-01-01 01:00:00,0.9020658738911621
zlc9q3dcp7.example.com,1900-01-01 02:00:00,0.7718892434113046
zlc9q3dcp7.example.com,1900-01-01 03:00:00,0.8701345383936833
zlc9q3dcp7.example.com,1900-01-01 04:00:00,1.047601800880642
zlc9q3dcp7.example.com,1900-01-01 05:00:00,0.9050946010556072
zlc9q3dcp7.example.com,1900-01-01 06:00:00,0.7938594979564791
zlc9q3dcp7.example.com,1900-01-01 07:00:00,1.7093104581220275
zlc9q3dcp7.example.com,1900-01-01 08:00:00,3.756712752825003
zlc9q3dcp7.example.com,1900-01-01 09:00:00,3.337435785681119
zlc9q3dcp7.example.com,1900-01-01 10:00:00,3.2575584604236005
zlc9q3dcp7.example.com,1900-01-01 11:00:00,1.188303194712215
zlc9q3dcp7.example.com,1900-01-01 12:00:00,1.0040187308911983
zlc9q3dcp7.example.com,1900-01-01 13:00:00,0.887791078632044
zlc9q3dcp7.example.com,1900-01-01 14:00:00,0.8982831971963897
zlc9q3dcp7.example.com,1900-01-01 15:00:00,0.8506103830257925
zlc9q3dcp7.example.com,1900-01-01 16:00:00,0.9286618686974192
zlc9q3dcp7.example.com,1900-01-01 17:00:00,1.0143652926133357
zlc9q3dcp7.example.com,1900-01-01 18:00:00,1.042232731142073
zlc9q3dcp7.example.com,1900-01-01 19:00:00,0.8707215975110048
zlc9q3dcp7.example.com,1900-01-01 20:00:00,0.9254453640724752
zlc9q3dcp7.example.com,1900-01-01 21:00:00,0.9211628079801429
zlc9q3dcp7.example.com,1900-01-01 22:00:00,1.0553905332457711
zlc9q3dcp7.example.com,1900-01-01 23:00:00,0.7912664812127811
zo7l5nq1b4.example.com,1900-01-01 00:00:00,3.5019472847622986
